Workbook
Name ProjectName: 'Project Info'!$C$3
Name Erector: 'Project Info'!$C$7
Name Inspector: 'Project Info'!$C$10
Name SkidmoreSerial: 'Project Info'!$C$12
Name PretensionTable: 'Reference'!$A$4:$C$21
Name PretensionSize: 'Reference'!$A$4:$A$21
Name PretensionGrade: 'Reference'!$B$4:$B$21
Name PretensionKips: 'Reference'!$C$4:$C$21
Name LotTable: 'Bolt Lot Master'!$A$5:$O$34

Sheet Instructions
A1: BOLT INSPECTION LOG — Instructions
A3: WHAT THIS WORKBOOK IS
A4: Daily record-keeping companion to the Bolt Installation & Inspection Guide HTML. Captures the documentation the special inspector (and any post-completion forensic) will demand: bolt lot metadata, pre-installation Skidmore verification, per-connection install records, and a daily roll-up.
A6: WORKFLOW — ONE-TIME SETUP
A7: 1. Project Info: project, GC, erector, special inspector, Skidmore serial.
A8: 2. Bolt Lot Master: one row per bolt lot received from the fabricator/supplier. MTR # is the key — it must match the paperwork from the supplier and must be on file before any bolt from that lot is installed.
A10: WORKFLOW — DAILY
A11: 1. First thing each shift, perform Skidmore pre-installation verification per RCSC §7.
A12: 2. Log the verification on Pre-Installation Verification Log. Three bolt-nut-washer assemblies from each active lot, all reading ≥ 105% of RCSC Table 8.1 minimum pretension.
A13: 3. As bolts are installed during the shift, log each connection on Connection Log (location, method used, bolt lot, count, installer, status).
A14: 4. After installation, mark installed bolts (typically with a paint slash from bolt head to ply) so missed bolts are visually obvious to the special inspector.
A15: 5. Inspector verifies installation — logs sign-off on Connection Log.
... A37: Retain this workbook + all MTRs + Skidmore calibration certificate + Special Inspector reports for the project life PLUS the state's statute of repose for construction defect claims (typically 6-10 years post-substantial completion).

Sheet Project Info
B1: BOLT INSPECTION PROJECT INFO
B3: Project Name
B4: Project Address
B5: Owner
B6: Controlling Contractor (GC)
B7: Steel Erector
B8: Fabricator
B9: Special Inspection Agency (SAA)
B10: Lead Special Inspector (AWS CWI #)
B11: EOR
B12: Skidmore-Wilhelm serial #
B13: Skidmore calibration certificate date
... B17: Anticipated bolt installation completion

Sheet Reference
A1: RCSC Table 8.1 — Min Pretension (kips)
A3: Size | B3: Grade | C3: Min Pretension (kips)
A4: 1/2 | B4: A325 | C4: 12
A5: 5/8 | B5: A325 | C5: 19
A6: 3/4 | B6: A325 | C6: 28
A7: 7/8 | B7: A325 | C7: 39
A8: 1 | B8: A325 | C8: 51
A9: 1-1/8 | B9: A325 | C9: 56
A10: 1-1/4 | B10: A325 | C10: 71
A11: 1-3/8 | B11: A325 | C11: 85
A12: 1-1/2 | B12: A325 | C12: 103
A13: 1/2 | B13: A490 | C13: 15
A14: 5/8 | B14: A490 | C14: 24
A15: 3/4 | B15: A490 | C15: 35
... A21: 1-1/2 | B21: A490 | C21: 148

Sheet Bolt Lot Master
A1: BOLT LOT MASTER
A2: One row per bolt lot received. RCSC minimum pretension auto-fills based on size + grade — Skidmore target is 105% of that minimum.
A4: Lot # | B4: Bolt Size | C4: Grade | D4: Length (in) | E4: Finish | F4: Manufacturer | G4: MTR / Cert # | H4: Date Received | I4: RCSC Min Pretension (kips) | J4: Skidmore Target (105% kips) | K4: Pre-Install Verified? | L4: Last Verification Date | M4: Quantity Received | N4: Quantity Installed | O4: Notes
I5: =IF(OR(B5="",C5=""),"",IFERROR(SUMIFS(PretensionKips,PretensionSize,B5,PretensionGrade,C5),"")) | J5: =IFERROR(I5*1.05,"")
I6: =IF(OR(B6="",C6=""),"",IFERROR(SUMIFS(PretensionKips,PretensionSize,B6,PretensionGrade,C6),"")) | J6: =IFERROR(I6*1.05,"")
I7: =IF(OR(B7="",C7=""),"",IFERROR(SUMIFS(PretensionKips,PretensionSize,B7,PretensionGrade,C7),"")) | J7: =IFERROR(I7*1.05,"")
I8: =IF(OR(B8="",C8=""),"",IFERROR(SUMIFS(PretensionKips,PretensionSize,B8,PretensionGrade,C8),"")) | J8: =IFERROR(I8*1.05,"")
I9: =IF(OR(B9="",C9=""),"",IFERROR(SUMIFS(PretensionKips,PretensionSize,B9,PretensionGrade,C9),"")) | J9: =IFERROR(I9*1.05,"")
I10: =IF(OR(B10="",C10=""),"",IFERROR(SUMIFS(PretensionKips,PretensionSize,B10,PretensionGrade,C10),"")) | J10: =IFERROR(I10*1.05,"")
I11: =IF(OR(B11="",C11=""),"",IFERROR(SUMIFS(PretensionKips,PretensionSize,B11,PretensionGrade,C11),"")) | J11: =IFERROR(I11*1.05,"")
I12: =IF(OR(B12="",C12=""),"",IFERROR(SUMIFS(PretensionKips,PretensionSize,B12,PretensionGrade,C12),"")) | J12: =IFERROR(I12*1.05,"")
I13: =IF(OR(B13="",C13=""),"",IFERROR(SUMIFS(PretensionKips,PretensionSize,B13,PretensionGrade,C13),"")) | J13: =IFERROR(I13*1.05,"")
I14: =IF(OR(B14="",C14=""),"",IFERROR(SUMIFS(PretensionKips,PretensionSize,B14,PretensionGrade,C14),"")) | J14: =IFERROR(I14*1.05,"")
I15: =IF(OR(B15="",C15=""),"",IFERROR(SUMIFS(PretensionKips,PretensionSize,B15,PretensionGrade,C15),"")) | J15: =IFERROR(I15*1.05,"")
I16: =IF(OR(B16="",C16=""),"",IFERROR(SUMIFS(PretensionKips,PretensionSize,B16,PretensionGrade,C16),"")) | J16: =IFERROR(I16*1.05,"")
... I34: =IF(OR(B34="",C34=""),"",IFERROR(SUMIFS(PretensionKips,PretensionSize,B34,PretensionGrade,C34),"")) | J34: =IFERROR(I34*1.05,"")

Sheet Pre-Install Verification
A1: PRE-INSTALLATION VERIFICATION LOG
A2: RCSC §7. Test 3 bolt-nut-washer assemblies from each active lot at start of shift OR when anything changes. All 3 readings must meet or exceed the 105% target.
A4: Date | B4: Time | C4: Lot # | D4: Bolt Size | E4: Grade | F4: Method | G4: Test #1 Pretension (kips) | H4: Test #2 Pretension (kips) | I4: Test #3 Pretension (kips) | J4: Target (105% min) | K4: Pass / Fail | L4: Ironworker | M4: Inspector | N4: Notes
J5: =IFERROR(VLOOKUP(C5,LotTable,10,FALSE),"") | K5: =IF(OR(G5="",H5="",I5="",J5=""),"",IF(AND(G5>=J5,H5>=J5,I5>=J5),"Pass","Fail"))
J6: =IFERROR(VLOOKUP(C6,LotTable,10,FALSE),"") | K6: =IF(OR(G6="",H6="",I6="",J6=""),"",IF(AND(G6>=J6,H6>=J6,I6>=J6),"Pass","Fail"))
J7: =IFERROR(VLOOKUP(C7,LotTable,10,FALSE),"") | K7: =IF(OR(G7="",H7="",I7="",J7=""),"",IF(AND(G7>=J7,H7>=J7,I7>=J7),"Pass","Fail"))
J8: =IFERROR(VLOOKUP(C8,LotTable,10,FALSE),"") | K8: =IF(OR(G8="",H8="",I8="",J8=""),"",IF(AND(G8>=J8,H8>=J8,I8>=J8),"Pass","Fail"))
J9: =IFERROR(VLOOKUP(C9,LotTable,10,FALSE),"") | K9: =IF(OR(G9="",H9="",I9="",J9=""),"",IF(AND(G9>=J9,H9>=J9,I9>=J9),"Pass","Fail"))
J10: =IFERROR(VLOOKUP(C10,LotTable,10,FALSE),"") | K10: =IF(OR(G10="",H10="",I10="",J10=""),"",IF(AND(G10>=J10,H10>=J10,I10>=J10),"Pass","Fail"))
J11: =IFERROR(VLOOKUP(C11,LotTable,10,FALSE),"") | K11: =IF(OR(G11="",H11="",I11="",J11=""),"",IF(AND(G11>=J11,H11>=J11,I11>=J11),"Pass","Fail"))
J12: =IFERROR(VLOOKUP(C12,LotTable,10,FALSE),"") | K12: =IF(OR(G12="",H12="",I12="",J12=""),"",IF(AND(G12>=J12,H12>=J12,I12>=J12),"Pass","Fail"))
J13: =IFERROR(VLOOKUP(C13,LotTable,10,FALSE),"") | K13: =IF(OR(G13="",H13="",I13="",J13=""),"",IF(AND(G13>=J13,H13>=J13,I13>=J13),"Pass","Fail"))
J14: =IFERROR(VLOOKUP(C14,LotTable,10,FALSE),"") | K14: =IF(OR(G14="",H14="",I14="",J14=""),"",IF(AND(G14>=J14,H14>=J14,I14>=J14),"Pass","Fail"))
J15: =IFERROR(VLOOKUP(C15,LotTable,10,FALSE),"") | K15: =IF(OR(G15="",H15="",I15="",J15=""),"",IF(AND(G15>=J15,H15>=J15,I15>=J15),"Pass","Fail"))
J16: =IFERROR(VLOOKUP(C16,LotTable,10,FALSE),"") | K16: =IF(OR(G16="",H16="",I16="",J16=""),"",IF(AND(G16>=J16,H16>=J16,I16>=J16),"Pass","Fail"))
... J104: =IFERROR(VLOOKUP(C104,LotTable,10,FALSE),"") | K104: =IF(OR(G104="",H104="",I104="",J104=""),"",IF(AND(G104>=J104,H104>=J104,I104>=J104),"Pass","Fail"))

Sheet Connection Log
A1: CONNECTION INSTALLATION + INSPECTION LOG
A2: One row per connection. Status auto-rolls: Snug → Tightened → Inspected → Accepted / Rejected. Slip-critical column N is only relevant for SC connections — verify faying surface class.
A4: Date | B4: Connection ID | C4: Location (Gridline/Floor) | D4: Connection Type | E4: Method | F4: Lot # | G4: # Bolts | H4: Installer / Crew | I4: Snug-Tight Complete | J4: Final Tighten Complete | K4: Marked (color) | L4: Inspector Sign-Off | M4: Status | N4: Slip-Critical Faying OK? | O4: Notes
M5: =IF(B5="","",IF(L5="Accepted","Accepted",IF(L5="Rejected","Rejected",IF(J5="Yes","Awaiting Inspection",IF(I5="Yes","Snug-Tight","Pending")))))
M6: =IF(B6="","",IF(L6="Accepted","Accepted",IF(L6="Rejected","Rejected",IF(J6="Yes","Awaiting Inspection",IF(I6="Yes","Snug-Tight","Pending")))))
M7: =IF(B7="","",IF(L7="Accepted","Accepted",IF(L7="Rejected","Rejected",IF(J7="Yes","Awaiting Inspection",IF(I7="Yes","Snug-Tight","Pending")))))
M8: =IF(B8="","",IF(L8="Accepted","Accepted",IF(L8="Rejected","Rejected",IF(J8="Yes","Awaiting Inspection",IF(I8="Yes","Snug-Tight","Pending")))))
M9: =IF(B9="","",IF(L9="Accepted","Accepted",IF(L9="Rejected","Rejected",IF(J9="Yes","Awaiting Inspection",IF(I9="Yes","Snug-Tight","Pending")))))
M10: =IF(B10="","",IF(L10="Accepted","Accepted",IF(L10="Rejected","Rejected",IF(J10="Yes","Awaiting Inspection",IF(I10="Yes","Snug-Tight","Pending")))))
M11: =IF(B11="","",IF(L11="Accepted","Accepted",IF(L11="Rejected","Rejected",IF(J11="Yes","Awaiting Inspection",IF(I11="Yes","Snug-Tight","Pending")))))
M12: =IF(B12="","",IF(L12="Accepted","Accepted",IF(L12="Rejected","Rejected",IF(J12="Yes","Awaiting Inspection",IF(I12="Yes","Snug-Tight","Pending")))))
M13: =IF(B13="","",IF(L13="Accepted","Accepted",IF(L13="Rejected","Rejected",IF(J13="Yes","Awaiting Inspection",IF(I13="Yes","Snug-Tight","Pending")))))
M14: =IF(B14="","",IF(L14="Accepted","Accepted",IF(L14="Rejected","Rejected",IF(J14="Yes","Awaiting Inspection",IF(I14="Yes","Snug-Tight","Pending")))))
M15: =IF(B15="","",IF(L15="Accepted","Accepted",IF(L15="Rejected","Rejected",IF(J15="Yes","Awaiting Inspection",IF(I15="Yes","Snug-Tight","Pending")))))
M16: =IF(B16="","",IF(L16="Accepted","Accepted",IF(L16="Rejected","Rejected",IF(J16="Yes","Awaiting Inspection",IF(I16="Yes","Snug-Tight","Pending")))))
... M304: =IF(B304="","",IF(L304="Accepted","Accepted",IF(L304="Rejected","Rejected",IF(J304="Yes","Awaiting Inspection",IF(I304="Yes","Snug-Tight","Pending")))))
B305: TOTALS | G305: =SUM(G5:G304)

Sheet Daily Roll-Up
B1: DAILY ROLL-UP — Bolt Installation Status
B2: Auto-aggregated from Connection Log. Use for daily progress reporting + monthly billing back-up.
B4: Total connections logged | C4: =COUNTA('Connection Log'!B5:B304)
B5: Total bolts installed | C5: =SUM('Connection Log'!G5:G304)
B6: Connections — Pending | C6: =COUNTIF('Connection Log'!M5:M304,"Pending")
B7: Connections — Snug-Tight only | C7: =COUNTIF('Connection Log'!M5:M304,"Snug-Tight")
B8: Connections — Awaiting Inspection | C8: =COUNTIF('Connection Log'!M5:M304,"Awaiting Inspection")
B9: Connections — Accepted | C9: =COUNTIF('Connection Log'!M5:M304,"Accepted")
B10: Connections — Rejected | C10: =COUNTIF('Connection Log'!M5:M304,"Rejected")
B11: Connections — Re-inspect | C11: =COUNTIF('Connection Log'!L5:L304,"Re-inspect")
B13: By Connection Type
B14: Snug-Tight type connections | C14: =COUNTIF('Connection Log'!D5:D304,"Snug-Tight")
B15: Pretensioned type connections | C15: =COUNTIF('Connection Log'!D5:D304,"Pretensioned")
B16: Slip-Critical type connections | C16: =COUNTIF('Connection Log'!D5:D304,"Slip-Critical")
B18: By Method
B19: Turn-of-Nut | C19: =COUNTIF('Connection Log'!E5:E304,"Turn-of-Nut")
B20: Calibrated Wrench | C20: =COUNTIF('Connection Log'!E5:E304,"Calibrated Wrench")
B21: Twist-Off (TC) | C21: =COUNTIF('Connection Log'!E5:E304,"Twist-Off (TC)")
B22: DTI Washer | C22: =COUNTIF('Connection Log'!E5:E304,"DTI Washer")
B24: Skidmore verifications logged | C24: =COUNTA('Pre-Install Verification'!C5:C104)
B25: Skidmore verifications PASSED | C25: =COUNTIF('Pre-Install Verification'!K5:K104,"Pass")
B26: Skidmore verifications FAILED | C26: =COUNTIF('Pre-Install Verification'!K5:K104,"Fail")
