Workbook
Name ProjectName: 'Lift Identification'!$C$3
Name LiftPermit: 'Lift Identification'!$C$7
Name LiftElement: 'Lift Identification'!$C$9
Name LiftDirector: 'Lift Identification'!$C$11
Name LiftOperator: 'Lift Identification'!$C$12
Name TotalPickWeight: 'Pick Weight'!$C$14
Name CriticalThreshold: 'Pick Weight'!$C$17
Name WarningThreshold: 'Pick Weight'!$C$18
Name NetCapacity: 'Crane Capacity Check'!$C$14
Name PctCapacity: 'Crane Capacity Check'!$C$17
Name LiftFlag: 'Crane Capacity Check'!$C$18
Name LiftRadius: 'Crane Capacity Check'!$C$9

Sheet Instructions
A1: CRITICAL LIFT CALCULATOR — Instructions
A3: WHAT THIS WORKBOOK COMPUTES
A4: Pick weight (structural + rigging + crane block), percent of crane capacity at the lift radius, sling angle de-rate, ground bearing pressure under outriggers, and a roll-up suitable for the Critical Lift Permit (Section 11 of the Lift Plan HTML).
A6: WORKFLOW
A7: 1. Lift Identification: project, lift #, element, date.
A8: 2. Pick Weight: enter structural weight (from shop drawings or MTRs), rigging weights, hook block.
A9: 3. Crane Capacity Check: enter crane configuration + load chart capacity at the lift radius. The workbook computes % of capacity used. Critical-lift trigger fires at ≥ 75%.
A10: 4. Sling Angle Check: enter sling configuration (length, sling-to-load attachment geometry). The workbook computes sling angle and per-sling load. Sling angles below 45° from horizontal are FLAGGED — choose longer slings or a spreader bar.
A11: 5. Ground Bearing Check: enter outrigger pad / mat dimensions + crane manufacturer's reported outrigger reaction force at this load and radius. The workbook computes bearing pressure and compares to soils-report capacity.
A12: 6. Tandem Lift (optional): if two cranes share the load, enter each crane's share and radius — the workbook checks both cranes individually for ≥ 75% capacity threshold.
A13: 7. Lift Permit Summary: print this tab as the back-up sheet to the Critical Lift Permit in the Lift Plan HTML.
A15: CRITICAL-LIFT THRESHOLD
... A32: - Make critical-lift policy decisions. (The Lift Director and the EOR own that call.)

Sheet Lift Identification
B1: LIFT IDENTIFICATION
B3: Project Name
B4: Project Address
B5: Controlling Contractor (GC)
B6: Steel Erector
B7: Lift Permit No.
B8: Lift Date / Time
B9: Element / Description
B10: Gridline / Location
B11: Lift Director
B12: Crane Operator
B13: Signal Person
... B15: Spotter (energized lines, if applicable)
B16: EOR Review Required? (Yes/No) | C16: No
B17: EOR Review Date / Reviewer

Sheet Pick Weight
B1: PICK WEIGHT CALCULATION
B2: Total pick weight = structural element + all rigging components + hook block + reeving below the hook. Source structural weight from shop drawings or MTRs; use vendor-stated rigging weights.
B4: Structural element weight (lb) | C4: 0
B5: Allowance for paint / fireproofing / accessories (lb) | C5: 0
B6: Primary sling(s) total weight (lb) | C6: 0
B7: Secondary sling(s) / chokers (lb) | C7: 0
B8: Spreader bar / lifting beam (lb) | C8: 0
B9: Shackles, hooks, swivels (lb) | C9: 0
B10: Hook block (below pulleys) (lb) | C10: 0
B11: Reeving below the block (lb) | C11: 0
B12: Tag-line weight (lb) | C12: 0
B13: Misc. attachments / equalizer (lb) | C13: 0
B14: TOTAL PICK WEIGHT (lb) | C14: =SUM(C4:C13)
B17: CRITICAL LIFT THRESHOLD (% of crane capacity) | C17: 0.75 | D17: Industry-typical = 75%. Lower for conservative programs.
B18: NEAR CRITICAL WARNING THRESHOLD (% — flags margin-thin lifts) | C18: 0.6 | D18: Lifts above this but below Critical Threshold get a yellow margin-warning flag.

Sheet Crane Capacity Check
B1: CRANE CAPACITY CHECK
B2: Pull capacity values directly from the crane manufacturer's load chart for THIS crane in THIS configuration on THIS outrigger set at THIS radius. Never approximate from a generic chart.
B4: Crane make / model
B5: Boom length (ft) | C5: 0
B6: Jib / fly configuration
B7: Counterweight (lb) | C7: 0
B8: Outrigger configuration | C8: Fully extended
B9: Lift radius (ft from center pin) | C9: 0
B10: Boom angle at lift (degrees) | C10: 0
B11: Capacity at this radius — from manufacturer's load chart (lb) | C11: 0
B12: Deduction for hook block + reeving already in chart? (Yes/No) | C12: No
B13: If No, deduction (lb) | C13: 0
B14: NET CRANE CAPACITY (lb) | C14: =C11 - IF(C12="No",C13,0)
B16: Total Pick Weight (from Pick Weight tab) | C16: =TotalPickWeight
B17: % of Capacity Used | C17: =IFERROR(C16/C14,0)
B18: Critical Lift Flag | C18: =IF(C17>=1,"OVERLOAD — DO NOT LIFT",IF(C17>=CriticalThreshold,"CRITICAL LIFT — full procedure required",IF(C17>=WarningThreshold,"NEAR CRITICAL — review margin","Routine lift")))

Sheet Sling Angle Check
B1: SLING ANGLE &amp; PER-SLING LOAD
B2: Sling angle is the angle between the sling and horizontal at the load attachment. Below 60° per-sling load rises sharply; below 45° you should choose longer slings or a spreader bar.
B4: Number of slings used | C4: 2
B5: Sling rigged length (ft, center-of-load to hook) | C5: 0
B6: Horizontal distance between sling attachment points on load (ft) | C6: 0
B7: Pick weight share per sling (lb) — assume equal share unless engineered | C7: =IFERROR(TotalPickWeight/C4,0)
B8: Sling angle from horizontal (deg) — computed | C8: =IFERROR(IF(AND(C5>0,(C6/2)/C5<=1),DEGREES(ACOS((C6/2)/C5)),0),0)
B9: Sling angle factor — load multiplier | C9: =IFERROR(IF(C8>0,1/SIN(RADIANS(C8)),1),1)
B10: Per-sling load (lb) — computed | C10: =IFERROR(C7*C9,0)
B11: Sling working load limit (WLL) — from sling tag (lb) | C11: 0
B12: Sling Adequacy Check | C12: =IF(C11=0,"Enter WLL",IF(C8<45,"ANGLE TOO LOW — increase sling length / use spreader",IF(C10>C11,"OVERLOADED — increase sling capacity",IF(C8<60,"BORDERLINE — verify","OK"))))
B15: SLING-ANGLE LOAD MULTIPLIERS (reference)
B16: 90° (vertical) | C16: 1.000
B17: 75° | C17: 1.035
B18: 60° | C18: 1.155
B19: 45° | C19: 1.414
B20: 30° | C20: 2.000
B21: 15° | C21: 3.864

Sheet Ground Bearing Check
B1: GROUND BEARING PRESSURE CHECK
B2: Outrigger reaction force is the worst-case load on a single outrigger float at the lift radius — pull from the crane manufacturer's outrigger-reaction chart, NOT computed here. Pad / mat area must be sized so that bearing pressure stays below soils-report capacity / FS.
B4: Soils-report allowable bearing capacity (psf) | C4: 0
B5: Factor of safety (typical 2.0) | C5: 2
B6: Allowable bearing pressure (psf) — computed | C6: =IFERROR(C4/C5,0)
B8: Worst-case outrigger reaction force at this lift (lb) — from crane mfr chart | C8: 0
B9: Outrigger pad / mat — Length (ft) | C9: 0
B10: Outrigger pad / mat — Width (ft) | C10: 0
B11: Pad / mat area (sq ft) — computed | C11: =IFERROR(C9*C10,0)
B12: Bearing pressure under pad / mat (psf) — computed | C12: =IFERROR(C8/C11,0)
B14: Ground Bearing Adequacy Check | C14: =IF(C12=0,"Enter inputs",IF(C12>C6,"OVER CAPACITY — increase pad/mat or change crane position",IF(C12>C6*0.85,"BORDERLINE — close to limit, verify mat condition","OK")))

Sheet Tandem Lift
B1: TANDEM LIFT — Two-Crane Balance Check
B2: Use only when two cranes share a single load. Both cranes individually must stay below the critical-lift threshold AT THE LIFT RADIUS. Tandem dynamics also require synchronized motion — see Lift Plan §6.
B4: Parameter | C4: Crane 1 (lead) | D4: Crane 2 (assist) | E4: Notes
B5: Crane make / model
B6: Operator
B7: Boom length (ft) | C7: 0 | D7: 0
B8: Lift radius (ft) | C8: 0 | D8: 0
B9: Capacity at radius (lb) — from chart | C9: 0 | D9: 0
B10: Share of pick weight (lb) | C10: 0 | D10: 0
B11: % of capacity (computed) | C11: =IFERROR(C10/C9,0) | D11: =IFERROR(D10/D9,0)
B12: Status (computed) | C12: =IF(C11>=1,"OVERLOAD",IF(C11>=CriticalThreshold,"CRITICAL",IF(C11>=WarningThreshold,"NEAR CRITICAL","OK"))) | D12: =IF(D11>=1,"OVERLOAD",IF(D11>=CriticalThreshold,"CRITICAL",IF(D11>=WarningThreshold,"NEAR CRITICAL","OK")))
B14: Sum of shares (should = Total Pick Weight) | C14: =C10+D10 | D14: =TotalPickWeight | E14: =IF(ABS((C14-D14))<10,"OK — balanced","MISMATCH — recompute shares")

Sheet Lift Permit Summary
B1: CRITICAL LIFT — PERMIT SUMMARY
B2: Print this tab as the calculator back-up for the Critical Lift Permit.
B4: Project | C4: =ProjectName
B5: Lift Permit No. | C5: =LiftPermit
B6: Element / Description | C6: =LiftElement
B7: Lift Director | C7: =LiftDirector
B8: Crane Operator | C8: =LiftOperator
B10: Total Pick Weight (lb) | C10: =TotalPickWeight
B11: Net Crane Capacity at Radius (lb) | C11: =NetCapacity
B12: Lift Radius (ft) | C12: =LiftRadius
B13: % of Crane Capacity | C13: =PctCapacity
B14: Lift Classification | C14: =LiftFlag
B16: Critical Lift Threshold | C16: =CriticalThreshold
B17: Sling Angle from Horizontal | C17: ='Sling Angle Check'!C8
B18: Per-Sling Load (lb) | C18: ='Sling Angle Check'!C10
B19: Sling Adequacy | C19: ='Sling Angle Check'!C12
B21: Bearing Pressure under Pad (psf) | C21: ='Ground Bearing Check'!C12
B22: Allowable Bearing Pressure (psf) | C22: ='Ground Bearing Check'!C6
B23: Ground Bearing Adequacy | C23: ='Ground Bearing Check'!C14
B26: LIFT DIRECTOR APPROVAL
B27: Signature: ____________________________ Date: ____________
B28: Posted at crane during the lift. Filed in project record after.
