Workbook
Name ProjectName: 'Project Info'!$C$3
Name Erector: 'Project Info'!$C$7
Name EOR: 'Project Info'!$C$8
Name PlumbRatio: 'Project Info'!$C$16
Name AnchorSingleTol: 'Project Info'!$C$17
Name AnchorPatternTol: 'Project Info'!$C$18
Name AnchorStickupTol: 'Project Info'!$C$19
Name BeamElevTol: 'Project Info'!$C$20
Name FloorHeightTol: 'Project Info'!$C$21
Name DriftEnvelope: 'Project Info'!$C$22

Sheet Instructions
A1: TOLERANCE SURVEY LOG — Instructions
A3: WHAT THIS WORKBOOK IS
A4: Daily survey + deviation log for AISC §7.13 tolerance compliance. Pair with the Plumb-and-True Tolerance Guide HTML. The workbook auto-flags OK / Out-of-Tolerance based on §7.13 limits.
A6: WORKFLOW
A7: 1. Project Info: project, GC, erector, surveyor, EOR, project-spec tolerance (default §7.13 OR tighter per Contract).
A8: 2. Anchor Rod Survey: log every anchor — theoretical and as-found positions. Variance auto-computes. Out-of-tolerance items auto-flag.
A9: 3. Column Plumb Log: log every column at every plumb-up event (initial, bay plumb-up, top-out). Enter offset at top of column in X and Y from theoretical plumb. Compare to 1:500 limit (or project-specific limit).
A10: 4. Floor Elevation Log: log beam-top elevations vs theoretical. Multi-point per floor (typically 4 corners + center).
A11: 5. Deviation / RFI Tracker: any out-of-tolerance item that requires EOR review gets a row here. Track RFI #, EOR response, resolution, re-survey confirmation.
A12: 6. Daily Survey Summary: auto-totals — surveys completed today, deviations open, RFIs pending.
A14: AISC §7.13 KEY LIMITS (built into the workbook)
A15: Column plumb: 1:500 of column length (with per-length table on Tolerance Reference tab)
... A36: At Substantial Completion, the workbook (plus the EOR's acceptance letter) is the evidence file for the cladding mobilization gate and the retainage reduction request.

Sheet Project Info
B1: TOLERANCE SURVEY — PROJECT INFO
B3: Project Name
B4: Project Address
B5: Owner
B6: Controlling Contractor (GC)
B7: Steel Erector
B8: EOR (Structural Engineer of Record)
B9: Surveyor (in-house or sub)
B10: Total Station Make / Model
B11: Total Station Calibration Date
B12: Benchmark Reference Monument 1 (location)
B13: Benchmark Reference Monument 2 (location)
B15: PROJECT-SPEC TOLERANCE OVERRIDES (leave default = §7.13 if not tightened)
B16: Column plumb ratio (default 500 → 1:500) | C16: 500
B17: Anchor rod single position tolerance (in) | C17: 0.125
B18: Anchor rod pattern position tolerance (in) | C18: 0.25
B19: Anchor rod stickup tolerance (in) | C19: 0.125
B20: Beam top elevation tolerance (in) | C20: 0.125
B21: Floor-to-floor height tolerance (in) | C21: 0.25
B22: Exterior column drift envelope (in, at corners) | C22: 1

Sheet Anchor Rod Survey
A1: ANCHOR ROD SURVEY
A2: Pre-erection verification of anchor rods. ΔX/ΔY are computed in inches; radial deviation is the absolute distance from theoretical. Single-Rod tolerance default = ±1/8" (per AISC §7.5.1).
A4: Column ID | B4: Anchor Rod # | C4: Theo X (ft) | D4: Theo Y (ft) | E4: As-Found X (ft) | F4: As-Found Y (ft) | G4: ΔX (in) | H4: ΔY (in) | I4: Radial Dev (in) | J4: Theo Stickup (in) | K4: As-Found Stickup (in) | L4: Stickup Dev (in) | M4: Single-Rod Position OK? | N4: Stickup OK? | O4: Notes / RFI
G5: =IFERROR((E5-C5)*12,"") | H5: =IFERROR((F5-D5)*12,"") | I5: =IFERROR(SQRT(G5^2+H5^2),"") | L5: =IFERROR(K5-J5,"") | M5: =IF(OR(G5="",H5=""),"",IF(AND(ABS(G5)<=AnchorSingleTol,ABS(H5)<=AnchorSingleTol),"OK","OUT")) | N5: =IF(L5="","",IF(ABS(L5)<=AnchorStickupTol,"OK","OUT"))
G6: =IFERROR((E6-C6)*12,"") | H6: =IFERROR((F6-D6)*12,"") | I6: =IFERROR(SQRT(G6^2+H6^2),"") | L6: =IFERROR(K6-J6,"") | M6: =IF(OR(G6="",H6=""),"",IF(AND(ABS(G6)<=AnchorSingleTol,ABS(H6)<=AnchorSingleTol),"OK","OUT")) | N6: =IF(L6="","",IF(ABS(L6)<=AnchorStickupTol,"OK","OUT"))
G7: =IFERROR((E7-C7)*12,"") | H7: =IFERROR((F7-D7)*12,"") | I7: =IFERROR(SQRT(G7^2+H7^2),"") | L7: =IFERROR(K7-J7,"") | M7: =IF(OR(G7="",H7=""),"",IF(AND(ABS(G7)<=AnchorSingleTol,ABS(H7)<=AnchorSingleTol),"OK","OUT")) | N7: =IF(L7="","",IF(ABS(L7)<=AnchorStickupTol,"OK","OUT"))
G8: =IFERROR((E8-C8)*12,"") | H8: =IFERROR((F8-D8)*12,"") | I8: =IFERROR(SQRT(G8^2+H8^2),"") | L8: =IFERROR(K8-J8,"") | M8: =IF(OR(G8="",H8=""),"",IF(AND(ABS(G8)<=AnchorSingleTol,ABS(H8)<=AnchorSingleTol),"OK","OUT")) | N8: =IF(L8="","",IF(ABS(L8)<=AnchorStickupTol,"OK","OUT"))
G9: =IFERROR((E9-C9)*12,"") | H9: =IFERROR((F9-D9)*12,"") | I9: =IFERROR(SQRT(G9^2+H9^2),"") | L9: =IFERROR(K9-J9,"") | M9: =IF(OR(G9="",H9=""),"",IF(AND(ABS(G9)<=AnchorSingleTol,ABS(H9)<=AnchorSingleTol),"OK","OUT")) | N9: =IF(L9="","",IF(ABS(L9)<=AnchorStickupTol,"OK","OUT"))
G10: =IFERROR((E10-C10)*12,"") | H10: =IFERROR((F10-D10)*12,"") | I10: =IFERROR(SQRT(G10^2+H10^2),"") | L10: =IFERROR(K10-J10,"") | M10: =IF(OR(G10="",H10=""),"",IF(AND(ABS(G10)<=AnchorSingleTol,ABS(H10)<=AnchorSingleTol),"OK","OUT")) | N10: =IF(L10="","",IF(ABS(L10)<=AnchorStickupTol,"OK","OUT"))
G11: =IFERROR((E11-C11)*12,"") | H11: =IFERROR((F11-D11)*12,"") | I11: =IFERROR(SQRT(G11^2+H11^2),"") | L11: =IFERROR(K11-J11,"") | M11: =IF(OR(G11="",H11=""),"",IF(AND(ABS(G11)<=AnchorSingleTol,ABS(H11)<=AnchorSingleTol),"OK","OUT")) | N11: =IF(L11="","",IF(ABS(L11)<=AnchorStickupTol,"OK","OUT"))
G12: =IFERROR((E12-C12)*12,"") | H12: =IFERROR((F12-D12)*12,"") | I12: =IFERROR(SQRT(G12^2+H12^2),"") | L12: =IFERROR(K12-J12,"") | M12: =IF(OR(G12="",H12=""),"",IF(AND(ABS(G12)<=AnchorSingleTol,ABS(H12)<=AnchorSingleTol),"OK","OUT")) | N12: =IF(L12="","",IF(ABS(L12)<=AnchorStickupTol,"OK","OUT"))
G13: =IFERROR((E13-C13)*12,"") | H13: =IFERROR((F13-D13)*12,"") | I13: =IFERROR(SQRT(G13^2+H13^2),"") | L13: =IFERROR(K13-J13,"") | M13: =IF(OR(G13="",H13=""),"",IF(AND(ABS(G13)<=AnchorSingleTol,ABS(H13)<=AnchorSingleTol),"OK","OUT")) | N13: =IF(L13="","",IF(ABS(L13)<=AnchorStickupTol,"OK","OUT"))
G14: =IFERROR((E14-C14)*12,"") | H14: =IFERROR((F14-D14)*12,"") | I14: =IFERROR(SQRT(G14^2+H14^2),"") | L14: =IFERROR(K14-J14,"") | M14: =IF(OR(G14="",H14=""),"",IF(AND(ABS(G14)<=AnchorSingleTol,ABS(H14)<=AnchorSingleTol),"OK","OUT")) | N14: =IF(L14="","",IF(ABS(L14)<=AnchorStickupTol,"OK","OUT"))
G15: =IFERROR((E15-C15)*12,"") | H15: =IFERROR((F15-D15)*12,"") | I15: =IFERROR(SQRT(G15^2+H15^2),"") | L15: =IFERROR(K15-J15,"") | M15: =IF(OR(G15="",H15=""),"",IF(AND(ABS(G15)<=AnchorSingleTol,ABS(H15)<=AnchorSingleTol),"OK","OUT")) | N15: =IF(L15="","",IF(ABS(L15)<=AnchorStickupTol,"OK","OUT"))
G16: =IFERROR((E16-C16)*12,"") | H16: =IFERROR((F16-D16)*12,"") | I16: =IFERROR(SQRT(G16^2+H16^2),"") | L16: =IFERROR(K16-J16,"") | M16: =IF(OR(G16="",H16=""),"",IF(AND(ABS(G16)<=AnchorSingleTol,ABS(H16)<=AnchorSingleTol),"OK","OUT")) | N16: =IF(L16="","",IF(ABS(L16)<=AnchorStickupTol,"OK","OUT"))
... G104: =IFERROR((E104-C104)*12,"") | H104: =IFERROR((F104-D104)*12,"") | I104: =IFERROR(SQRT(G104^2+H104^2),"") | L104: =IFERROR(K104-J104,"") | M104: =IF(OR(G104="",H104=""),"",IF(AND(ABS(G104)<=AnchorSingleTol,ABS(H104)<=AnchorSingleTol),"OK","OUT")) | N104: =IF(L104="","",IF(ABS(L104)<=AnchorStickupTol,"OK","OUT"))

Sheet Column Plumb Log
A1: COLUMN PLUMB LOG
A2: Offsets measured at top of column from theoretical plumb vertical. Column Length is from top of base plate to top of column (or to top of splice on multi-story). Allowable = ColumnLength * 12 / PlumbRatio (default 1:500).
A4: Survey Date | B4: Event Type | C4: Column ID | D4: Gridline | E4: Column Length (ft) | F4: Offset X at Top (in) | G4: Offset Y at Top (in) | H4: Total Radial Dev (in) | I4: Allowable (1:Ratio of length, in) | J4: Plumb OK? | K4: Surveyor | L4: Adjusted Y/N | M4: Re-Survey Date | N4: Notes / RFI
H5: =IFERROR(SQRT(F5^2+G5^2),"") | I5: =IFERROR((E5*12)/PlumbRatio,"") | J5: =IF(OR(H5="",I5=""),"",IF(H5<=I5,"OK","OUT"))
H6: =IFERROR(SQRT(F6^2+G6^2),"") | I6: =IFERROR((E6*12)/PlumbRatio,"") | J6: =IF(OR(H6="",I6=""),"",IF(H6<=I6,"OK","OUT"))
H7: =IFERROR(SQRT(F7^2+G7^2),"") | I7: =IFERROR((E7*12)/PlumbRatio,"") | J7: =IF(OR(H7="",I7=""),"",IF(H7<=I7,"OK","OUT"))
H8: =IFERROR(SQRT(F8^2+G8^2),"") | I8: =IFERROR((E8*12)/PlumbRatio,"") | J8: =IF(OR(H8="",I8=""),"",IF(H8<=I8,"OK","OUT"))
H9: =IFERROR(SQRT(F9^2+G9^2),"") | I9: =IFERROR((E9*12)/PlumbRatio,"") | J9: =IF(OR(H9="",I9=""),"",IF(H9<=I9,"OK","OUT"))
H10: =IFERROR(SQRT(F10^2+G10^2),"") | I10: =IFERROR((E10*12)/PlumbRatio,"") | J10: =IF(OR(H10="",I10=""),"",IF(H10<=I10,"OK","OUT"))
H11: =IFERROR(SQRT(F11^2+G11^2),"") | I11: =IFERROR((E11*12)/PlumbRatio,"") | J11: =IF(OR(H11="",I11=""),"",IF(H11<=I11,"OK","OUT"))
H12: =IFERROR(SQRT(F12^2+G12^2),"") | I12: =IFERROR((E12*12)/PlumbRatio,"") | J12: =IF(OR(H12="",I12=""),"",IF(H12<=I12,"OK","OUT"))
H13: =IFERROR(SQRT(F13^2+G13^2),"") | I13: =IFERROR((E13*12)/PlumbRatio,"") | J13: =IF(OR(H13="",I13=""),"",IF(H13<=I13,"OK","OUT"))
H14: =IFERROR(SQRT(F14^2+G14^2),"") | I14: =IFERROR((E14*12)/PlumbRatio,"") | J14: =IF(OR(H14="",I14=""),"",IF(H14<=I14,"OK","OUT"))
H15: =IFERROR(SQRT(F15^2+G15^2),"") | I15: =IFERROR((E15*12)/PlumbRatio,"") | J15: =IF(OR(H15="",I15=""),"",IF(H15<=I15,"OK","OUT"))
H16: =IFERROR(SQRT(F16^2+G16^2),"") | I16: =IFERROR((E16*12)/PlumbRatio,"") | J16: =IF(OR(H16="",I16=""),"",IF(H16<=I16,"OK","OUT"))
... H204: =IFERROR(SQRT(F204^2+G204^2),"") | I204: =IFERROR((E204*12)/PlumbRatio,"") | J204: =IF(OR(H204="",I204=""),"",IF(H204<=I204,"OK","OUT"))

Sheet Floor Elevation Log
A1: FLOOR / BEAM ELEVATION LOG
A2: Beam-top elevations per floor. Recommended survey points: each corner + center. Theoretical from S-series drawings. Deviation auto-flags against ±1/8" beam-top tolerance (default §7.13.1.4).
A4: Survey Date | B4: Floor Level | C4: Survey Point ID | D4: Location | E4: Theo Elevation (ft) | F4: As-Found Elevation (ft) | G4: Deviation (in) | H4: Beam Top OK? | I4: Adjacent Beam Match (in) | J4: Beam Match OK? | K4: Surveyor | L4: Notes / RFI
G5: =IFERROR((F5-E5)*12,"") | H5: =IF(G5="","",IF(ABS(G5)<=BeamElevTol,"OK","OUT")) | J5: =IF(I5="","",IF(ABS(I5)<=BeamElevTol,"OK","OUT"))
G6: =IFERROR((F6-E6)*12,"") | H6: =IF(G6="","",IF(ABS(G6)<=BeamElevTol,"OK","OUT")) | J6: =IF(I6="","",IF(ABS(I6)<=BeamElevTol,"OK","OUT"))
G7: =IFERROR((F7-E7)*12,"") | H7: =IF(G7="","",IF(ABS(G7)<=BeamElevTol,"OK","OUT")) | J7: =IF(I7="","",IF(ABS(I7)<=BeamElevTol,"OK","OUT"))
G8: =IFERROR((F8-E8)*12,"") | H8: =IF(G8="","",IF(ABS(G8)<=BeamElevTol,"OK","OUT")) | J8: =IF(I8="","",IF(ABS(I8)<=BeamElevTol,"OK","OUT"))
G9: =IFERROR((F9-E9)*12,"") | H9: =IF(G9="","",IF(ABS(G9)<=BeamElevTol,"OK","OUT")) | J9: =IF(I9="","",IF(ABS(I9)<=BeamElevTol,"OK","OUT"))
G10: =IFERROR((F10-E10)*12,"") | H10: =IF(G10="","",IF(ABS(G10)<=BeamElevTol,"OK","OUT")) | J10: =IF(I10="","",IF(ABS(I10)<=BeamElevTol,"OK","OUT"))
G11: =IFERROR((F11-E11)*12,"") | H11: =IF(G11="","",IF(ABS(G11)<=BeamElevTol,"OK","OUT")) | J11: =IF(I11="","",IF(ABS(I11)<=BeamElevTol,"OK","OUT"))
G12: =IFERROR((F12-E12)*12,"") | H12: =IF(G12="","",IF(ABS(G12)<=BeamElevTol,"OK","OUT")) | J12: =IF(I12="","",IF(ABS(I12)<=BeamElevTol,"OK","OUT"))
G13: =IFERROR((F13-E13)*12,"") | H13: =IF(G13="","",IF(ABS(G13)<=BeamElevTol,"OK","OUT")) | J13: =IF(I13="","",IF(ABS(I13)<=BeamElevTol,"OK","OUT"))
G14: =IFERROR((F14-E14)*12,"") | H14: =IF(G14="","",IF(ABS(G14)<=BeamElevTol,"OK","OUT")) | J14: =IF(I14="","",IF(ABS(I14)<=BeamElevTol,"OK","OUT"))
G15: =IFERROR((F15-E15)*12,"") | H15: =IF(G15="","",IF(ABS(G15)<=BeamElevTol,"OK","OUT")) | J15: =IF(I15="","",IF(ABS(I15)<=BeamElevTol,"OK","OUT"))
G16: =IFERROR((F16-E16)*12,"") | H16: =IF(G16="","",IF(ABS(G16)<=BeamElevTol,"OK","OUT")) | J16: =IF(I16="","",IF(ABS(I16)<=BeamElevTol,"OK","OUT"))
... G154: =IFERROR((F154-E154)*12,"") | H154: =IF(G154="","",IF(ABS(G154)<=BeamElevTol,"OK","OUT")) | J154: =IF(I154="","",IF(ABS(I154)<=BeamElevTol,"OK","OUT"))

Sheet Deviation RFI Tracker
A1: DEVIATION / RFI TRACKER
A2: One row per out-of-tolerance item requiring EOR review. Tracks the RFI through to resolution.
A4: Dev # | B4: Discovered Date | C4: Survey Reference | D4: Item Type | E4: Location / Column ID | F4: Description | G4: Measured | H4: Allowable | I4: RFI # | J4: Sent to EOR (Date) | K4: EOR Response Date | L4: EOR Disposition | M4: Resolution Date | N4: Resolved Status | O4: Notes

Sheet Daily Summary
B1: DAILY SURVEY SUMMARY
B2: Auto-aggregated. Use for monthly billing back-up + as-built sign-off package.
B4: ANCHOR ROD SURVEY
B5: Total anchor rods surveyed | C5: =COUNTA('Anchor Rod Survey'!B5:B104)
B6: Anchor rods position OK | C6: =COUNTIF('Anchor Rod Survey'!M5:M104,"OK")
B7: Anchor rods position OUT | C7: =COUNTIF('Anchor Rod Survey'!M5:M104,"OUT")
B8: Anchor rods stickup OK | C8: =COUNTIF('Anchor Rod Survey'!N5:N104,"OK")
B9: Anchor rods stickup OUT | C9: =COUNTIF('Anchor Rod Survey'!N5:N104,"OUT")
B11: COLUMN PLUMB
B12: Total plumb surveys | C12: =COUNTA('Column Plumb Log'!C5:C204)
B13: Columns plumb OK | C13: =COUNTIF('Column Plumb Log'!J5:J204,"OK")
B14: Columns plumb OUT | C14: =COUNTIF('Column Plumb Log'!J5:J204,"OUT")
B16: FLOOR ELEVATION
B17: Total elevation surveys | C17: =COUNTA('Floor Elevation Log'!C5:C154)
B18: Beam top OK | C18: =COUNTIF('Floor Elevation Log'!H5:H154,"OK")
B19: Beam top OUT | C19: =COUNTIF('Floor Elevation Log'!H5:H154,"OUT")
B21: DEVIATION TRACKER
B22: Total deviations logged | C22: =COUNTA('Deviation RFI Tracker'!A5:A54)
B23: Deviations Open | C23: =COUNTIF('Deviation RFI Tracker'!N5:N54,"Open")
B24: Deviations RFI Sent | C24: =COUNTIF('Deviation RFI Tracker'!N5:N54,"RFI Sent")
B25: Deviations EOR Review | C25: =COUNTIF('Deviation RFI Tracker'!N5:N54,"EOR Review")
B26: Deviations Resolved + Closed | C26: =COUNTIF('Deviation RFI Tracker'!N5:N54,"Resolved")+COUNTIF('Deviation RFI Tracker'!N5:N54,"Closed")
B28: READINESS FOR CLADDING / RETAINAGE
B29: Open deviations blocking sign-off | C29: =COUNTIF('Deviation RFI Tracker'!N5:N54,"Open")+COUNTIF('Deviation RFI Tracker'!N5:N54,"RFI Sent")+COUNTIF('Deviation RFI Tracker'!N5:N54,"EOR Review")+COUNTIF('Deviation RFI Tracker'!N5:N54,"Action Pending")

Sheet Tolerance Reference
A1: AISC §7.13 — Tolerance Limits Reference
A3: Item | B3: Default Limit | C3: AISC §
A4: Anchor rod single position | B4: ±0.125" (1/8") | C4: §7.5.1
A5: Anchor rod pattern position | B5: ±0.250" (1/4") | C5: §7.5.1
A6: Anchor rod stickup | B6: ±0.125" (1/8") | C6: §7.5.2
A7: Anchor rod plumb (vertical) | B7: 1:40 | C7: §7.5.2
A8: Column plumb | B8: 1:500 of length | C8: §7.13.1.2
A9: Beam top elevation | B9: ±0.125" (1/8") | C9: §7.13.1.4
A10: Floor-to-floor height | B10: ±0.250" (1/4") | C10: §7.13.1.4
A11: Building drift (multi-story) | B11: 1:500 from base, exterior columns | C11: §7.13.1.3
A12: Member straightness (mill) | B12: Per ASTM A6 | C12: ASTM A6
A13: Member camber preservation | B13: Per shop drawings | C13: Project spec
