Workbook

Sheet Instructions
A1: BACKFLOW TEST LOG — INSTRUCTIONS
A4: PURPOSE
A5: Per-device test record for every backflow-prevention device on a project. Captures
A6: initial test (after installation, before service), annual tests (12-month intervals),
A7: and repair history. Submission-ready format for water purveyor + local AHJ.
A9: WORKFLOW
A10: 1. Device Inventory — list every backflow device on the project at install time.
A11: Assign an owner-defined Device ID for the column. Include make / model / size /
A12: serial / location.
A13: 2. Initial Test Log — one row per device, completed by state-licensed tester after
A14: install + before placing system in service. All three test readings recorded.
A15: 3. Annual Test Log — recurring annual record. Same tester licensure required.
... A43: ContrPro Complete Tier · Plumbing Trade Pack

Sheet Device Inventory
A1: DEVICE INVENTORY
A3: Device ID | B3: Location (Bldg/Room) | C3: Application | D3: Type (RPZ/DCV/PVB/AG) | E3: Size | F3: Make / Model | G3: Serial # | H3: Install Date

Sheet Initial Test Log
A1: INITIAL TEST LOG (after install, before service)
A3: Device ID | B3: Test Date | C3: Tester Name | D3: Tester License # | E3: Gauge Serial | F3: Gauge Cal Date | G3: Check #1 (psid) | H3: Relief Open (psid, RPZ) | I3: Check #2 Held | J3: Pass / Fail | K3: Notes

Sheet Annual Test Log
A1: ANNUAL TEST LOG
A3: Device ID | B3: Test Date | C3: Tester Name | D3: Tester License # | E3: Gauge Serial | F3: Gauge Cal Date | G3: Check #1 (psid) | H3: Relief Open (psid, RPZ) | I3: Check #2 Held | J3: Pass / Fail | K3: Notes

Sheet Repair Log
A1: REPAIR LOG
A3: Device ID | B3: Fail Date | C3: Symptom | D3: Cause Identified | E3: Repair Performed | F3: Repaired By | G3: Re-test Date | H3: Re-test Pass / Fail | I3: Owner Notified (Date)

Sheet Reporting Summary
A1: REPORTING SUMMARY (informational)
A3: Device ID | B3: Application | C3: Last Test Date | D3: Next Test Due | E3: Status | F3: Sent To (Purveyor / AHJ / Owner)
A4: =IF('Device Inventory'!A4<>"",'Device Inventory'!A4,"") | B4: =IF('Device Inventory'!A4<>"",'Device Inventory'!C4,"") | C4: =IFERROR(MAX(IF('Initial Test Log'!A:A=A4,'Initial Test Log'!B:B,0),IF('Annual Test Log'!A:A=A4,'Annual Test Log'!B:B,0)),"") | D4: =IF(C4="","",DATE(YEAR(C4)+1,MONTH(C4),DAY(C4))) | E4: =IF(D4="","",IF(D4<TODAY(),"OVERDUE",IF(D4<TODAY()+30,"DUE SOON","CURRENT")))
A5: =IF('Device Inventory'!A5<>"",'Device Inventory'!A5,"") | B5: =IF('Device Inventory'!A5<>"",'Device Inventory'!C5,"") | C5: =IFERROR(MAX(IF('Initial Test Log'!A:A=A5,'Initial Test Log'!B:B,0),IF('Annual Test Log'!A:A=A5,'Annual Test Log'!B:B,0)),"") | D5: =IF(C5="","",DATE(YEAR(C5)+1,MONTH(C5),DAY(C5))) | E5: =IF(D5="","",IF(D5<TODAY(),"OVERDUE",IF(D5<TODAY()+30,"DUE SOON","CURRENT")))
A6: =IF('Device Inventory'!A6<>"",'Device Inventory'!A6,"") | B6: =IF('Device Inventory'!A6<>"",'Device Inventory'!C6,"") | C6: =IFERROR(MAX(IF('Initial Test Log'!A:A=A6,'Initial Test Log'!B:B,0),IF('Annual Test Log'!A:A=A6,'Annual Test Log'!B:B,0)),"") | D6: =IF(C6="","",DATE(YEAR(C6)+1,MONTH(C6),DAY(C6))) | E6: =IF(D6="","",IF(D6<TODAY(),"OVERDUE",IF(D6<TODAY()+30,"DUE SOON","CURRENT")))
A7: =IF('Device Inventory'!A7<>"",'Device Inventory'!A7,"") | B7: =IF('Device Inventory'!A7<>"",'Device Inventory'!C7,"") | C7: =IFERROR(MAX(IF('Initial Test Log'!A:A=A7,'Initial Test Log'!B:B,0),IF('Annual Test Log'!A:A=A7,'Annual Test Log'!B:B,0)),"") | D7: =IF(C7="","",DATE(YEAR(C7)+1,MONTH(C7),DAY(C7))) | E7: =IF(D7="","",IF(D7<TODAY(),"OVERDUE",IF(D7<TODAY()+30,"DUE SOON","CURRENT")))
A8: =IF('Device Inventory'!A8<>"",'Device Inventory'!A8,"") | B8: =IF('Device Inventory'!A8<>"",'Device Inventory'!C8,"") | C8: =IFERROR(MAX(IF('Initial Test Log'!A:A=A8,'Initial Test Log'!B:B,0),IF('Annual Test Log'!A:A=A8,'Annual Test Log'!B:B,0)),"") | D8: =IF(C8="","",DATE(YEAR(C8)+1,MONTH(C8),DAY(C8))) | E8: =IF(D8="","",IF(D8<TODAY(),"OVERDUE",IF(D8<TODAY()+30,"DUE SOON","CURRENT")))
A9: =IF('Device Inventory'!A9<>"",'Device Inventory'!A9,"") | B9: =IF('Device Inventory'!A9<>"",'Device Inventory'!C9,"") | C9: =IFERROR(MAX(IF('Initial Test Log'!A:A=A9,'Initial Test Log'!B:B,0),IF('Annual Test Log'!A:A=A9,'Annual Test Log'!B:B,0)),"") | D9: =IF(C9="","",DATE(YEAR(C9)+1,MONTH(C9),DAY(C9))) | E9: =IF(D9="","",IF(D9<TODAY(),"OVERDUE",IF(D9<TODAY()+30,"DUE SOON","CURRENT")))
A10: =IF('Device Inventory'!A10<>"",'Device Inventory'!A10,"") | B10: =IF('Device Inventory'!A10<>"",'Device Inventory'!C10,"") | C10: =IFERROR(MAX(IF('Initial Test Log'!A:A=A10,'Initial Test Log'!B:B,0),IF('Annual Test Log'!A:A=A10,'Annual Test Log'!B:B,0)),"") | D10: =IF(C10="","",DATE(YEAR(C10)+1,MONTH(C10),DAY(C10))) | E10: =IF(D10="","",IF(D10<TODAY(),"OVERDUE",IF(D10<TODAY()+30,"DUE SOON","CURRENT")))
A11: =IF('Device Inventory'!A11<>"",'Device Inventory'!A11,"") | B11: =IF('Device Inventory'!A11<>"",'Device Inventory'!C11,"") | C11: =IFERROR(MAX(IF('Initial Test Log'!A:A=A11,'Initial Test Log'!B:B,0),IF('Annual Test Log'!A:A=A11,'Annual Test Log'!B:B,0)),"") | D11: =IF(C11="","",DATE(YEAR(C11)+1,MONTH(C11),DAY(C11))) | E11: =IF(D11="","",IF(D11<TODAY(),"OVERDUE",IF(D11<TODAY()+30,"DUE SOON","CURRENT")))
A12: =IF('Device Inventory'!A12<>"",'Device Inventory'!A12,"") | B12: =IF('Device Inventory'!A12<>"",'Device Inventory'!C12,"") | C12: =IFERROR(MAX(IF('Initial Test Log'!A:A=A12,'Initial Test Log'!B:B,0),IF('Annual Test Log'!A:A=A12,'Annual Test Log'!B:B,0)),"") | D12: =IF(C12="","",DATE(YEAR(C12)+1,MONTH(C12),DAY(C12))) | E12: =IF(D12="","",IF(D12<TODAY(),"OVERDUE",IF(D12<TODAY()+30,"DUE SOON","CURRENT")))
A13: =IF('Device Inventory'!A13<>"",'Device Inventory'!A13,"") | B13: =IF('Device Inventory'!A13<>"",'Device Inventory'!C13,"") | C13: =IFERROR(MAX(IF('Initial Test Log'!A:A=A13,'Initial Test Log'!B:B,0),IF('Annual Test Log'!A:A=A13,'Annual Test Log'!B:B,0)),"") | D13: =IF(C13="","",DATE(YEAR(C13)+1,MONTH(C13),DAY(C13))) | E13: =IF(D13="","",IF(D13<TODAY(),"OVERDUE",IF(D13<TODAY()+30,"DUE SOON","CURRENT")))
A14: =IF('Device Inventory'!A14<>"",'Device Inventory'!A14,"") | B14: =IF('Device Inventory'!A14<>"",'Device Inventory'!C14,"") | C14: =IFERROR(MAX(IF('Initial Test Log'!A:A=A14,'Initial Test Log'!B:B,0),IF('Annual Test Log'!A:A=A14,'Annual Test Log'!B:B,0)),"") | D14: =IF(C14="","",DATE(YEAR(C14)+1,MONTH(C14),DAY(C14))) | E14: =IF(D14="","",IF(D14<TODAY(),"OVERDUE",IF(D14<TODAY()+30,"DUE SOON","CURRENT")))
A15: =IF('Device Inventory'!A15<>"",'Device Inventory'!A15,"") | B15: =IF('Device Inventory'!A15<>"",'Device Inventory'!C15,"") | C15: =IFERROR(MAX(IF('Initial Test Log'!A:A=A15,'Initial Test Log'!B:B,0),IF('Annual Test Log'!A:A=A15,'Annual Test Log'!B:B,0)),"") | D15: =IF(C15="","",DATE(YEAR(C15)+1,MONTH(C15),DAY(C15))) | E15: =IF(D15="","",IF(D15<TODAY(),"OVERDUE",IF(D15<TODAY()+30,"DUE SOON","CURRENT")))
... A33: =IF('Device Inventory'!A33<>"",'Device Inventory'!A33,"") | B33: =IF('Device Inventory'!A33<>"",'Device Inventory'!C33,"") | C33: =IFERROR(MAX(IF('Initial Test Log'!A:A=A33,'Initial Test Log'!B:B,0),IF('Annual Test Log'!A:A=A33,'Annual Test Log'!B:B,0)),"") | D33: =IF(C33="","",DATE(YEAR(C33)+1,MONTH(C33),DAY(C33))) | E33: =IF(D33="","",IF(D33<TODAY(),"OVERDUE",IF(D33<TODAY()+30,"DUE SOON","CURRENT")))
