Workbook
Name ProjectName: 'Project Info'!$C$3
Name SubContractSum: 'Project Info'!$C$15
Name RetainageRate: 'Project Info'!$C$16
Name RetainStored: 'Project Info'!$C$17

Sheet Instructions
A1: SUB SCHEDULE OF VALUES — Instructions
A3: WHAT THIS WORKBOOK IS
A4: This is the sub-perspective companion to AIA G-703 (Continuation Sheet for an Application for Payment). It lets you (1) schedule your Subcontract Sum across line items in SOV Setup, (2) bill monthly progress against those line items on the Pay App — Current Period tab, and (3) maintain a 12-month rolling history of billings on the Pay App — History tab.
A6: WHY A SUB NEEDS ITS OWN SOV
A7: Even when the GC supplies a G-702 / G-703 to be returned with each pay app, the sub should maintain its own SOV ledger because: (a) the GC version is project-specific and will be filed with the GC's pay app, not yours; (b) retainage release tracking, lower-tier sub billings, and stored-materials values often diverge between what you submit to the GC and what your accounting actually tracks; and (c) if a dispute arises over partial payment or retainage, your own internal ledger is the evidentiary record.
A9: WORKFLOW — MONTHLY PAY APP
A10: 1. Set up SOV Setup once at Subcontract execution. Each line item has a description, a CSI division/section, and a scheduled value. The scheduled values must sum to the Subcontract Sum on Project Info.
A11: 2. At the end of each billing period (typically the 25th of the month for billing on the 1st of the next month, but confirm against the Subcontract), open Pay App — Current Period.
A12: 3. For each line item, enter the % complete this period (column F). The workbook calculates this-period dollars, total-to-date dollars, retainage held, and net amount this period.
A13: 4. Add stored materials values from the Stored Materials Log to the appropriate line items.
A14: 5. Verify the totals against the GC's G-702 summary if the GC has issued one.
A15: 6. After the GC has accepted and paid the pay app, transfer the column G (total to date) values into the next month's column on Pay App — History.
... A35: - Retainage on Pay App doesn't match GC's: confirm Project Info retainage rate matches Subcontract and confirm 'Retain on stored materials?' setting matches the GC's practice.

Sheet Project Info
B1: PROJECT INFORMATION
B3: Project Name
B4: Project No. (GC's)
B5: Subcontract No.
B6: Subcontractor (legal name)
B7: General Contractor (legal name)
B8: Owner
B9: Project Address
B10: Trade / Scope
B11: CSI Division (primary)
B12: Subcontract Date
B13: Original Subcontract Sum | C13: 0
B14: Approved Change Orders to date | C14: 0
B15: Current Subcontract Sum (Orig + COs) | C15: =C13+C14
B16: Retainage Rate (%) — confirm Subcontract | C16: 0.1
B17: Retain on stored materials? | C17: No
B18: Pay App Submission Deadline (day of month) | C18: 25
B19: Pay App Payment Due (days after GC acceptance) | C19: 30
B20: Project Manager (Sub)
B21: Project Manager (GC)
B24: SOV TOTAL VALIDATION
B25: SOV Setup line-item total: | C25: =SUM('SOV Setup'!E:E)
B26: Current Subcontract Sum: | C26: =C15
B27: Variance (should be $0): | C27: =C25-C26

Sheet SOV Setup
A1: SOV SETUP — Line Items
A2: Set up one row per Subcontract line item. Scheduled Value must sum to Current Subcontract Sum on Project Info. Add change orders as separate rows prefixed 'CO #'.
A4: Line # | B4: Description | C4: CSI Div | D4: CSI Section | E4: Scheduled Value ($) | F4: % of Subcontract | G4: Billed To Date ($) | H4: Balance to Finish ($) | I4: Variance | J4: Type | K4: Notes
A5: =IF(B5="","",ROW()-4) | F5: =IF(E5="","",E5/SubContractSum) | G5: =IFERROR(VLOOKUP(B5,'Pay App - Current'!$B$5:$H$54,7,FALSE),0) | H5: =IF(E5="","",E5-G5) | I5: =IF(E5="","",G5-E5)
A6: =IF(B6="","",ROW()-4) | F6: =IF(E6="","",E6/SubContractSum) | G6: =IFERROR(VLOOKUP(B6,'Pay App - Current'!$B$5:$H$54,7,FALSE),0) | H6: =IF(E6="","",E6-G6) | I6: =IF(E6="","",G6-E6)
A7: =IF(B7="","",ROW()-4) | F7: =IF(E7="","",E7/SubContractSum) | G7: =IFERROR(VLOOKUP(B7,'Pay App - Current'!$B$5:$H$54,7,FALSE),0) | H7: =IF(E7="","",E7-G7) | I7: =IF(E7="","",G7-E7)
A8: =IF(B8="","",ROW()-4) | F8: =IF(E8="","",E8/SubContractSum) | G8: =IFERROR(VLOOKUP(B8,'Pay App - Current'!$B$5:$H$54,7,FALSE),0) | H8: =IF(E8="","",E8-G8) | I8: =IF(E8="","",G8-E8)
A9: =IF(B9="","",ROW()-4) | F9: =IF(E9="","",E9/SubContractSum) | G9: =IFERROR(VLOOKUP(B9,'Pay App - Current'!$B$5:$H$54,7,FALSE),0) | H9: =IF(E9="","",E9-G9) | I9: =IF(E9="","",G9-E9)
A10: =IF(B10="","",ROW()-4) | F10: =IF(E10="","",E10/SubContractSum) | G10: =IFERROR(VLOOKUP(B10,'Pay App - Current'!$B$5:$H$54,7,FALSE),0) | H10: =IF(E10="","",E10-G10) | I10: =IF(E10="","",G10-E10)
A11: =IF(B11="","",ROW()-4) | F11: =IF(E11="","",E11/SubContractSum) | G11: =IFERROR(VLOOKUP(B11,'Pay App - Current'!$B$5:$H$54,7,FALSE),0) | H11: =IF(E11="","",E11-G11) | I11: =IF(E11="","",G11-E11)
A12: =IF(B12="","",ROW()-4) | F12: =IF(E12="","",E12/SubContractSum) | G12: =IFERROR(VLOOKUP(B12,'Pay App - Current'!$B$5:$H$54,7,FALSE),0) | H12: =IF(E12="","",E12-G12) | I12: =IF(E12="","",G12-E12)
A13: =IF(B13="","",ROW()-4) | F13: =IF(E13="","",E13/SubContractSum) | G13: =IFERROR(VLOOKUP(B13,'Pay App - Current'!$B$5:$H$54,7,FALSE),0) | H13: =IF(E13="","",E13-G13) | I13: =IF(E13="","",G13-E13)
A14: =IF(B14="","",ROW()-4) | F14: =IF(E14="","",E14/SubContractSum) | G14: =IFERROR(VLOOKUP(B14,'Pay App - Current'!$B$5:$H$54,7,FALSE),0) | H14: =IF(E14="","",E14-G14) | I14: =IF(E14="","",G14-E14)
A15: =IF(B15="","",ROW()-4) | F15: =IF(E15="","",E15/SubContractSum) | G15: =IFERROR(VLOOKUP(B15,'Pay App - Current'!$B$5:$H$54,7,FALSE),0) | H15: =IF(E15="","",E15-G15) | I15: =IF(E15="","",G15-E15)
A16: =IF(B16="","",ROW()-4) | F16: =IF(E16="","",E16/SubContractSum) | G16: =IFERROR(VLOOKUP(B16,'Pay App - Current'!$B$5:$H$54,7,FALSE),0) | H16: =IF(E16="","",E16-G16) | I16: =IF(E16="","",G16-E16)
... A54: =IF(B54="","",ROW()-4) | F54: =IF(E54="","",E54/SubContractSum) | G54: =IFERROR(VLOOKUP(B54,'Pay App - Current'!$B$5:$H$54,7,FALSE),0) | H54: =IF(E54="","",E54-G54) | I54: =IF(E54="","",G54-E54)
B56: TOTAL | E56: =SUM(E5:E54) | G56: =SUM(G5:G54) | H56: =SUM(H5:H54) | I56: =SUM(I5:I54)

Sheet Pay App - Current
A1: PAY APPLICATION — Current Period
A2: Project: =ProjectName | G2: Period: | I2: Pay App #: | J2: 1
A4: Line # | B4: Description | C4: CSI Div | D4: Scheduled Value | E4: Work Completed Previous ($) | F4: % Complete This Period | G4: Work Completed To Date ($) | H4: Materials Stored ($) | I4: Total To Date ($) | J4: % Complete | K4: Retainage ($) | L4: Balance to Finish ($) | M4: This Period Net ($)
A5: =IF('SOV Setup'!A5="","",'SOV Setup'!A5) | B5: ='SOV Setup'!B5 | C5: ='SOV Setup'!C5 | D5: =IF('SOV Setup'!E5="","",'SOV Setup'!E5) | E5: 0 | F5: 0 | G5: =IF(D5="","",E5+(D5*F5)) | H5: 0 | I5: =IF(D5="","",G5+H5) | J5: =IF(OR(D5="",D5=0),"",I5/D5) | K5: =IF(D5="","",IF(RetainStored="Yes",I5*RetainageRate,G5*RetainageRate)) | L5: =IF(D5="","",D5-I5) | M5: =IF(D5="","",(I5-E5)-(K5-E5*RetainageRate))
A6: =IF('SOV Setup'!A6="","",'SOV Setup'!A6) | B6: ='SOV Setup'!B6 | C6: ='SOV Setup'!C6 | D6: =IF('SOV Setup'!E6="","",'SOV Setup'!E6) | E6: 0 | F6: 0 | G6: =IF(D6="","",E6+(D6*F6)) | H6: 0 | I6: =IF(D6="","",G6+H6) | J6: =IF(OR(D6="",D6=0),"",I6/D6) | K6: =IF(D6="","",IF(RetainStored="Yes",I6*RetainageRate,G6*RetainageRate)) | L6: =IF(D6="","",D6-I6) | M6: =IF(D6="","",(I6-E6)-(K6-E6*RetainageRate))
A7: =IF('SOV Setup'!A7="","",'SOV Setup'!A7) | B7: ='SOV Setup'!B7 | C7: ='SOV Setup'!C7 | D7: =IF('SOV Setup'!E7="","",'SOV Setup'!E7) | E7: 0 | F7: 0 | G7: =IF(D7="","",E7+(D7*F7)) | H7: 0 | I7: =IF(D7="","",G7+H7) | J7: =IF(OR(D7="",D7=0),"",I7/D7) | K7: =IF(D7="","",IF(RetainStored="Yes",I7*RetainageRate,G7*RetainageRate)) | L7: =IF(D7="","",D7-I7) | M7: =IF(D7="","",(I7-E7)-(K7-E7*RetainageRate))
A8: =IF('SOV Setup'!A8="","",'SOV Setup'!A8) | B8: ='SOV Setup'!B8 | C8: ='SOV Setup'!C8 | D8: =IF('SOV Setup'!E8="","",'SOV Setup'!E8) | E8: 0 | F8: 0 | G8: =IF(D8="","",E8+(D8*F8)) | H8: 0 | I8: =IF(D8="","",G8+H8) | J8: =IF(OR(D8="",D8=0),"",I8/D8) | K8: =IF(D8="","",IF(RetainStored="Yes",I8*RetainageRate,G8*RetainageRate)) | L8: =IF(D8="","",D8-I8) | M8: =IF(D8="","",(I8-E8)-(K8-E8*RetainageRate))
A9: =IF('SOV Setup'!A9="","",'SOV Setup'!A9) | B9: ='SOV Setup'!B9 | C9: ='SOV Setup'!C9 | D9: =IF('SOV Setup'!E9="","",'SOV Setup'!E9) | E9: 0 | F9: 0 | G9: =IF(D9="","",E9+(D9*F9)) | H9: 0 | I9: =IF(D9="","",G9+H9) | J9: =IF(OR(D9="",D9=0),"",I9/D9) | K9: =IF(D9="","",IF(RetainStored="Yes",I9*RetainageRate,G9*RetainageRate)) | L9: =IF(D9="","",D9-I9) | M9: =IF(D9="","",(I9-E9)-(K9-E9*RetainageRate))
A10: =IF('SOV Setup'!A10="","",'SOV Setup'!A10) | B10: ='SOV Setup'!B10 | C10: ='SOV Setup'!C10 | D10: =IF('SOV Setup'!E10="","",'SOV Setup'!E10) | E10: 0 | F10: 0 | G10: =IF(D10="","",E10+(D10*F10)) | H10: 0 | I10: =IF(D10="","",G10+H10) | J10: =IF(OR(D10="",D10=0),"",I10/D10) | K10: =IF(D10="","",IF(RetainStored="Yes",I10*RetainageRate,G10*RetainageRate)) | L10: =IF(D10="","",D10-I10) | M10: =IF(D10="","",(I10-E10)-(K10-E10*RetainageRate))
A11: =IF('SOV Setup'!A11="","",'SOV Setup'!A11) | B11: ='SOV Setup'!B11 | C11: ='SOV Setup'!C11 | D11: =IF('SOV Setup'!E11="","",'SOV Setup'!E11) | E11: 0 | F11: 0 | G11: =IF(D11="","",E11+(D11*F11)) | H11: 0 | I11: =IF(D11="","",G11+H11) | J11: =IF(OR(D11="",D11=0),"",I11/D11) | K11: =IF(D11="","",IF(RetainStored="Yes",I11*RetainageRate,G11*RetainageRate)) | L11: =IF(D11="","",D11-I11) | M11: =IF(D11="","",(I11-E11)-(K11-E11*RetainageRate))
A12: =IF('SOV Setup'!A12="","",'SOV Setup'!A12) | B12: ='SOV Setup'!B12 | C12: ='SOV Setup'!C12 | D12: =IF('SOV Setup'!E12="","",'SOV Setup'!E12) | E12: 0 | F12: 0 | G12: =IF(D12="","",E12+(D12*F12)) | H12: 0 | I12: =IF(D12="","",G12+H12) | J12: =IF(OR(D12="",D12=0),"",I12/D12) | K12: =IF(D12="","",IF(RetainStored="Yes",I12*RetainageRate,G12*RetainageRate)) | L12: =IF(D12="","",D12-I12) | M12: =IF(D12="","",(I12-E12)-(K12-E12*RetainageRate))
A13: =IF('SOV Setup'!A13="","",'SOV Setup'!A13) | B13: ='SOV Setup'!B13 | C13: ='SOV Setup'!C13 | D13: =IF('SOV Setup'!E13="","",'SOV Setup'!E13) | E13: 0 | F13: 0 | G13: =IF(D13="","",E13+(D13*F13)) | H13: 0 | I13: =IF(D13="","",G13+H13) | J13: =IF(OR(D13="",D13=0),"",I13/D13) | K13: =IF(D13="","",IF(RetainStored="Yes",I13*RetainageRate,G13*RetainageRate)) | L13: =IF(D13="","",D13-I13) | M13: =IF(D13="","",(I13-E13)-(K13-E13*RetainageRate))
A14: =IF('SOV Setup'!A14="","",'SOV Setup'!A14) | B14: ='SOV Setup'!B14 | C14: ='SOV Setup'!C14 | D14: =IF('SOV Setup'!E14="","",'SOV Setup'!E14) | E14: 0 | F14: 0 | G14: =IF(D14="","",E14+(D14*F14)) | H14: 0 | I14: =IF(D14="","",G14+H14) | J14: =IF(OR(D14="",D14=0),"",I14/D14) | K14: =IF(D14="","",IF(RetainStored="Yes",I14*RetainageRate,G14*RetainageRate)) | L14: =IF(D14="","",D14-I14) | M14: =IF(D14="","",(I14-E14)-(K14-E14*RetainageRate))
A15: =IF('SOV Setup'!A15="","",'SOV Setup'!A15) | B15: ='SOV Setup'!B15 | C15: ='SOV Setup'!C15 | D15: =IF('SOV Setup'!E15="","",'SOV Setup'!E15) | E15: 0 | F15: 0 | G15: =IF(D15="","",E15+(D15*F15)) | H15: 0 | I15: =IF(D15="","",G15+H15) | J15: =IF(OR(D15="",D15=0),"",I15/D15) | K15: =IF(D15="","",IF(RetainStored="Yes",I15*RetainageRate,G15*RetainageRate)) | L15: =IF(D15="","",D15-I15) | M15: =IF(D15="","",(I15-E15)-(K15-E15*RetainageRate))
A16: =IF('SOV Setup'!A16="","",'SOV Setup'!A16) | B16: ='SOV Setup'!B16 | C16: ='SOV Setup'!C16 | D16: =IF('SOV Setup'!E16="","",'SOV Setup'!E16) | E16: 0 | F16: 0 | G16: =IF(D16="","",E16+(D16*F16)) | H16: 0 | I16: =IF(D16="","",G16+H16) | J16: =IF(OR(D16="",D16=0),"",I16/D16) | K16: =IF(D16="","",IF(RetainStored="Yes",I16*RetainageRate,G16*RetainageRate)) | L16: =IF(D16="","",D16-I16) | M16: =IF(D16="","",(I16-E16)-(K16-E16*RetainageRate))
... A54: =IF('SOV Setup'!A54="","",'SOV Setup'!A54) | B54: ='SOV Setup'!B54 | C54: ='SOV Setup'!C54 | D54: =IF('SOV Setup'!E54="","",'SOV Setup'!E54) | E54: 0 | F54: 0 | G54: =IF(D54="","",E54+(D54*F54)) | H54: 0 | I54: =IF(D54="","",G54+H54) | J54: =IF(OR(D54="",D54=0),"",I54/D54) | K54: =IF(D54="","",IF(RetainStored="Yes",I54*RetainageRate,G54*RetainageRate)) | L54: =IF(D54="","",D54-I54) | M54: =IF(D54="","",(I54-E54)-(K54-E54*RetainageRate))
B56: GRAND TOTAL | D56: =SUM(D5:D54) | E56: =SUM(E5:E54) | G56: =SUM(G5:G54) | H56: =SUM(H5:H54) | I56: =SUM(I5:I54) | K56: =SUM(K5:K54) | L56: =SUM(L5:L54) | M56: =SUM(M5:M54)
B59: PAY APP SUMMARY
B60: Total Subcontract Sum (incl. approved COs) | D60: =SubContractSum
B61: Total Completed & Stored to Date | D61: =I56
B62: Total Retainage Held | D62: =K56
B63: Total Earned Less Retainage | D63: =I56-K56
B64: Less Previous Certificates for Payment | D64: =E56-E56*RetainageRate
B65: CURRENT PAYMENT DUE | D65: =M56
B66: Balance to Finish (Including Retainage) | D66: =SubContractSum-I56+K56

Sheet Pay App - History
A1: PAY APP HISTORY — 12-Month Roll-Up
A2: After each pay app is paid by the GC, transfer the Total To Date values from Pay App — Current Period into the next column below.
A4: Line # | B4: Description | C4: Scheduled Value | D4: Period 1 | E4: Period 2 | F4: Period 3 | G4: Period 4 | H4: Period 5 | I4: Period 6 | J4: Period 7 | K4: Period 8 | L4: Period 9 | M4: Period 10 | N4: Period 11 | O4: Period 12 | P4: Final To Date
A5: =IF('SOV Setup'!A5="","",'SOV Setup'!A5) | B5: ='SOV Setup'!B5 | C5: =IF('SOV Setup'!E5="","",'SOV Setup'!E5) | P5: =IF(C5="","",MAX(D5:O5))
A6: =IF('SOV Setup'!A6="","",'SOV Setup'!A6) | B6: ='SOV Setup'!B6 | C6: =IF('SOV Setup'!E6="","",'SOV Setup'!E6) | P6: =IF(C6="","",MAX(D6:O6))
A7: =IF('SOV Setup'!A7="","",'SOV Setup'!A7) | B7: ='SOV Setup'!B7 | C7: =IF('SOV Setup'!E7="","",'SOV Setup'!E7) | P7: =IF(C7="","",MAX(D7:O7))
A8: =IF('SOV Setup'!A8="","",'SOV Setup'!A8) | B8: ='SOV Setup'!B8 | C8: =IF('SOV Setup'!E8="","",'SOV Setup'!E8) | P8: =IF(C8="","",MAX(D8:O8))
A9: =IF('SOV Setup'!A9="","",'SOV Setup'!A9) | B9: ='SOV Setup'!B9 | C9: =IF('SOV Setup'!E9="","",'SOV Setup'!E9) | P9: =IF(C9="","",MAX(D9:O9))
A10: =IF('SOV Setup'!A10="","",'SOV Setup'!A10) | B10: ='SOV Setup'!B10 | C10: =IF('SOV Setup'!E10="","",'SOV Setup'!E10) | P10: =IF(C10="","",MAX(D10:O10))
A11: =IF('SOV Setup'!A11="","",'SOV Setup'!A11) | B11: ='SOV Setup'!B11 | C11: =IF('SOV Setup'!E11="","",'SOV Setup'!E11) | P11: =IF(C11="","",MAX(D11:O11))
A12: =IF('SOV Setup'!A12="","",'SOV Setup'!A12) | B12: ='SOV Setup'!B12 | C12: =IF('SOV Setup'!E12="","",'SOV Setup'!E12) | P12: =IF(C12="","",MAX(D12:O12))
A13: =IF('SOV Setup'!A13="","",'SOV Setup'!A13) | B13: ='SOV Setup'!B13 | C13: =IF('SOV Setup'!E13="","",'SOV Setup'!E13) | P13: =IF(C13="","",MAX(D13:O13))
A14: =IF('SOV Setup'!A14="","",'SOV Setup'!A14) | B14: ='SOV Setup'!B14 | C14: =IF('SOV Setup'!E14="","",'SOV Setup'!E14) | P14: =IF(C14="","",MAX(D14:O14))
A15: =IF('SOV Setup'!A15="","",'SOV Setup'!A15) | B15: ='SOV Setup'!B15 | C15: =IF('SOV Setup'!E15="","",'SOV Setup'!E15) | P15: =IF(C15="","",MAX(D15:O15))
A16: =IF('SOV Setup'!A16="","",'SOV Setup'!A16) | B16: ='SOV Setup'!B16 | C16: =IF('SOV Setup'!E16="","",'SOV Setup'!E16) | P16: =IF(C16="","",MAX(D16:O16))
... A54: =IF('SOV Setup'!A54="","",'SOV Setup'!A54) | B54: ='SOV Setup'!B54 | C54: =IF('SOV Setup'!E54="","",'SOV Setup'!E54) | P54: =IF(C54="","",MAX(D54:O54))
B56: TOTAL | C56: =SUM(C5:C54) | D56: =SUM(D5:D54) | E56: =SUM(E5:E54) | F56: =SUM(F5:F54) | G56: =SUM(G5:G54) | H56: =SUM(H5:H54) | I56: =SUM(I5:I54) | J56: =SUM(J5:J54) | ... P56: =SUM(P5:P54)

Sheet Stored Materials
A1: STORED MATERIALS LOG
A2: Track materials billed-but-not-installed. The GC's pay-app reviewer will require evidence of off-site or on-site storage, dedicated segregation/labeling, insurance coverage, and a supplier lien waiver before approving stored-materials value.
A4: Date Added | B4: SOV Line Ref | C4: Description | D4: Supplier | E4: PO # | F4: Quantity | G4: Unit | H4: Unit Cost | I4: Total Value ($) | J4: Storage Location | K4: Insured? | L4: Lien Waiver from Supplier? | M4: Date Installed | N4: Status
I5: =IF(OR(F5="",H5=""),"",F5*H5)
I6: =IF(OR(F6="",H6=""),"",F6*H6)
I7: =IF(OR(F7="",H7=""),"",F7*H7)
I8: =IF(OR(F8="",H8=""),"",F8*H8)
I9: =IF(OR(F9="",H9=""),"",F9*H9)
I10: =IF(OR(F10="",H10=""),"",F10*H10)
I11: =IF(OR(F11="",H11=""),"",F11*H11)
I12: =IF(OR(F12="",H12=""),"",F12*H12)
I13: =IF(OR(F13="",H13=""),"",F13*H13)
I14: =IF(OR(F14="",H14=""),"",F14*H14)
I15: =IF(OR(F15="",H15=""),"",F15*H15)
I16: =IF(OR(F16="",H16=""),"",F16*H16)
... I44: =IF(OR(F44="",H44=""),"",F44*H44)
B46: TOTAL | I46: =SUM(I5:I44)

Sheet CSI Reference
A1: CSI MasterFormat Divisions
A3: Div | B3: Name
A4: 01 | B4: General Requirements
A5: 02 | B5: Existing Conditions
A6: 03 | B6: Concrete
A7: 04 | B7: Masonry
A8: 05 | B8: Metals
A9: 06 | B9: Wood, Plastics, and Composites
A10: 07 | B10: Thermal and Moisture Protection
A11: 08 | B11: Openings
A12: 09 | B12: Finishes
A13: 10 | B13: Specialties
A14: 11 | B14: Equipment
... A38: 49 | B38: Reserved
