Workbook
Name CSI_Divisions: 'CSI Reference'!$A$4:$A$38
Name CSI_Table: 'CSI Reference'!$A$4:$B$38

Sheet Instructions
B2: ContrPro - Certificate of Insurance (COI) Tracker
B3: The risk management workbook for your subs and vendors. If a COI is expired or missing the right endorsements, YOUR policy is on the hook.
B5: Why this workbook is non-negotiable
B6: In Texas, Georgia, and most other states, the General Contractor is the 'statutory employer' for any uncovered sub on the jobsite. Translation: if a sub's worker gets hurt and that sub has no current Workers' Comp policy, the GC's WC carrier pays the claim. Premium hikes follow.
B7: Same logic for General Liability. An expired sub GL means the sub is operating uninsured. When the OSHA inspector shows up, when a third party gets injured, when property gets damaged - the GC's GL policy backstops the loss. That's a margin-killer on a job you already bid tight.
B8: Bottom line: an expired COI on an active sub IS the GC's risk exposure. This workbook is the early-warning system. Red flags here = risk to your business.
B10: What to verify on every certificate (the 5-point check)
B11: 1. Certificate Holder - your company name and address, exactly as on the contract. Not the project name, not the owner. YOU are the certificate holder.
B12: 2. Additional Insured endorsement - the cert must list YOUR company as an Additional Insured on the sub's GL. Look for endorsement form CG 20 10 (ongoing operations) and CG 20 37 (completed operations). 'Listed in Description of Operations' is not enough - you want the endorsement form.
B13: 3. Waiver of Subrogation - both GL and WC. Means the sub's carrier waives the right to come after YOU after they pay a claim caused by your shared work. Most prime contracts require this.
B14: 4. Policy Effective and Expiration Dates - the cert must cover the entire term of the sub's work, including completed operations tail. Today's date must fall between Effective and Expiration.
B15: 5. Coverage Limits meet the contract minimum - usually $1M per occurrence / $2M aggregate for GL, statutory WC, $1M Auto. Excess/Umbrella per contract.
... B62: ContrPro - built for builders. Questions: support@contrpro.com

Sheet Company Info
A1: Company Information (Your GC Policies)
A2: Single row of metadata for your own company. The 'Expires' cells turn red within 30 days - renew before you find out the hard way.
A3: Company Name | B3: EIN | C3: GL Carrier | D3: GL Policy # | E3: GL Effective | F3: GL Expires | G3: WC Carrier | H3: WC Policy # | I3: WC Effective | J3: WC Expires | K3: Notes
A4: EXAMPLE - Your Construction Co LLC | B4: 12-3456789 | C4: Travelers | D4: GL-CO-2241-08 | E4: 2025-10-01 | F4: 2026-10-01 | G4: Texas Mutual | H4: WC-CO-118-99 | I4: 2025-06-01 | J4: 2026-06-01 | K4: Replace this row with your company's actual policy info.

Sheet Sub-Vendor COI Log
A1: Sub/Vendor COI Log (CSI MasterFormat)
A3: Subcontractor / Vendor Name | B3: Trade | C3: CSI Division | D3: CSI Code | E3: Division Name | F3: Insurance Carrier | G3: Policy Number | H3: Coverage Type | I3: Each Occurrence Limit | J3: General Aggregate Limit | K3: Effective Date | L3: Expiration Date | M3: Days to Expiry | N3: Status | O3: Additional Insured? | P3: Waiver of Subrogation? | Q3: Certificate Holder Listed? | R3: Project / Job | S3: COI Document Path | T3: Notes
A4: Acme Structural Steel LLC | B4: Structural Steel | C4: 05 | D4: 05 12 00 | E4: =IFERROR(VLOOKUP(C4,CSI_Table,2,FALSE),"") | F4: Travelers | G4: GL-7782341 | H4: GL | I4: 2000000 | J4: 4000000 | K4: 2025-09-01 | L4: 2026-09-01 | M4: =IF(L4="","",L4-TODAY()) | N4: =IF(L4="","",IF(M4<0,"EXPIRED",IF(M4<30,"Expiring Soon",IF(M4<90,"Renew Soon","Current")))) | O4: Yes | P4: Yes | Q4: Yes | R4: Riverside Office Bldg | S4: /COIs/2026/Acme_GL.pdf | T4: Fully compliant. Endorsement CG 20 10 + CG 20 37 on file.
A5: Acme Structural Steel LLC | B5: Structural Steel | C5: 05 | D5: 05 12 00 | E5: =IFERROR(VLOOKUP(C5,CSI_Table,2,FALSE),"") | F5: Texas Mutual | G5: WC-118-44-2210 | H5: WC | I5: 1000000 | J5: 1000000 | K5: 2025-09-01 | L5: 2026-09-01 | M5: =IF(L5="","",L5-TODAY()) | N5: =IF(L5="","",IF(M5<0,"EXPIRED",IF(M5<30,"Expiring Soon",IF(M5<90,"Renew Soon","Current")))) | O5: N/A | P5: Yes | Q5: Yes | R5: Riverside Office Bldg | S5: /COIs/2026/Acme_WC.pdf | T5: WC compliant. State of Texas form. Stat employer risk = covered.
A6: Northstar HVAC Inc | B6: Mechanical | C6: 23 | D6: 23 30 00 | E6: =IFERROR(VLOOKUP(C6,CSI_Table,2,FALSE),"") | F6: The Hartford | G6: GL-2298-1144 | H6: GL | I6: 1000000 | J6: 2000000 | K6: 2025-05-25 | L6: 2026-05-25 | M6: =IF(L6="","",L6-TODAY()) | N6: =IF(L6="","",IF(M6<0,"EXPIRED",IF(M6<30,"Expiring Soon",IF(M6<90,"Renew Soon","Current")))) | O6: Yes | P6: Yes | Q6: Yes | R6: Pinnacle Tower | S6: /COIs/2026/Northstar_GL.pdf | T6: 12 days to expiry. Renewal cert requested 2026-04-25 - follow up.
A7: Bayside Electric LLC | B7: Electrical | C7: 26 | D7: 26 50 00 | E7: =IFERROR(VLOOKUP(C7,CSI_Table,2,FALSE),"") | F7: Liberty Mutual | G7: GL-441-9982 | H7: GL | I7: 1000000 | J7: 2000000 | K7: 2025-03-15 | L7: 2026-03-15 | M7: =IF(L7="","",L7-TODAY()) | N7: =IF(L7="","",IF(M7<0,"EXPIRED",IF(M7<30,"Expiring Soon",IF(M7<90,"Renew Soon","Current")))) | O7: Yes | P7: Yes | Q7: Yes | R7: Heartland Industrial | S7: /COIs/2026/Bayside_GL_EXPIRED.pdf | T7: EXPIRED 59 days ago. PULL FROM SITE until renewal received. Statutory employer exposure live.
A8: Cypress Plumbing Co | B8: Plumbing | C8: 22 | D8: 22 10 00 | E8: =IFERROR(VLOOKUP(C8,CSI_Table,2,FALSE),"") | F8: Nationwide | G8: GL-77-2231 | H8: GL | I8: 1000000 | J8: 2000000 | K8: 2026-01-10 | L8: 2027-01-10 | M8: =IF(L8="","",L8-TODAY()) | N8: =IF(L8="","",IF(M8<0,"EXPIRED",IF(M8<30,"Expiring Soon",IF(M8<90,"Renew Soon","Current")))) | O8: No | P8: Yes | Q8: Yes | R8: Riverside Office Bldg | S8: /COIs/2026/Cypress_GL.pdf | T8: GL current but Additional Insured endorsement NOT on cert. Demand CG 20 10 before next pay app.
A9: Lone Star Concrete Inc | B9: General | C9: 03 | D9: 03 30 00 | E9: =IFERROR(VLOOKUP(C9,CSI_Table,2,FALSE),"") | F9: CNA | G9: GL-5589-7711 | H9: GL | I9: 2000000 | J9: 4000000 | K9: 2025-07-27 | L9: 2026-07-27 | M9: =IF(L9="","",L9-TODAY()) | N9: =IF(L9="","",IF(M9<0,"EXPIRED",IF(M9<30,"Expiring Soon",IF(M9<90,"Renew Soon","Current")))) | O9: Yes | P9: No | Q9: Yes | R9: Apex Industrial | S9: /COIs/2026/LoneStar_GL.pdf | T9: Renewal due in 75 days. Waiver of Subrogation MISSING - prime contract requires it. Demand endorsement.
E10: =IFERROR(VLOOKUP(C10,CSI_Table,2,FALSE),"") | M10: =IF(L10="","",L10-TODAY()) | N10: =IF(L10="","",IF(M10<0,"EXPIRED",IF(M10<30,"Expiring Soon",IF(M10<90,"Renew Soon","Current"))))
E11: =IFERROR(VLOOKUP(C11,CSI_Table,2,FALSE),"") | M11: =IF(L11="","",L11-TODAY()) | N11: =IF(L11="","",IF(M11<0,"EXPIRED",IF(M11<30,"Expiring Soon",IF(M11<90,"Renew Soon","Current"))))
E12: =IFERROR(VLOOKUP(C12,CSI_Table,2,FALSE),"") | M12: =IF(L12="","",L12-TODAY()) | N12: =IF(L12="","",IF(M12<0,"EXPIRED",IF(M12<30,"Expiring Soon",IF(M12<90,"Renew Soon","Current"))))
E13: =IFERROR(VLOOKUP(C13,CSI_Table,2,FALSE),"") | M13: =IF(L13="","",L13-TODAY()) | N13: =IF(L13="","",IF(M13<0,"EXPIRED",IF(M13<30,"Expiring Soon",IF(M13<90,"Renew Soon","Current"))))
E14: =IFERROR(VLOOKUP(C14,CSI_Table,2,FALSE),"") | M14: =IF(L14="","",L14-TODAY()) | N14: =IF(L14="","",IF(M14<0,"EXPIRED",IF(M14<30,"Expiring Soon",IF(M14<90,"Renew Soon","Current"))))
E15: =IFERROR(VLOOKUP(C15,CSI_Table,2,FALSE),"") | M15: =IF(L15="","",L15-TODAY()) | N15: =IF(L15="","",IF(M15<0,"EXPIRED",IF(M15<30,"Expiring Soon",IF(M15<90,"Renew Soon","Current"))))
E16: =IFERROR(VLOOKUP(C16,CSI_Table,2,FALSE),"") | M16: =IF(L16="","",L16-TODAY()) | N16: =IF(L16="","",IF(M16<0,"EXPIRED",IF(M16<30,"Expiring Soon",IF(M16<90,"Renew Soon","Current"))))
E17: =IFERROR(VLOOKUP(C17,CSI_Table,2,FALSE),"") | M17: =IF(L17="","",L17-TODAY()) | N17: =IF(L17="","",IF(M17<0,"EXPIRED",IF(M17<30,"Expiring Soon",IF(M17<90,"Renew Soon","Current"))))
E18: =IFERROR(VLOOKUP(C18,CSI_Table,2,FALSE),"") | M18: =IF(L18="","",L18-TODAY()) | N18: =IF(L18="","",IF(M18<0,"EXPIRED",IF(M18<30,"Expiring Soon",IF(M18<90,"Renew Soon","Current"))))
E19: =IFERROR(VLOOKUP(C19,CSI_Table,2,FALSE),"") | M19: =IF(L19="","",L19-TODAY()) | N19: =IF(L19="","",IF(M19<0,"EXPIRED",IF(M19<30,"Expiring Soon",IF(M19<90,"Renew Soon","Current"))))
E20: =IFERROR(VLOOKUP(C20,CSI_Table,2,FALSE),"") | M20: =IF(L20="","",L20-TODAY()) | N20: =IF(L20="","",IF(M20<0,"EXPIRED",IF(M20<30,"Expiring Soon",IF(M20<90,"Renew Soon","Current"))))
E21: =IFERROR(VLOOKUP(C21,CSI_Table,2,FALSE),"") | M21: =IF(L21="","",L21-TODAY()) | N21: =IF(L21="","",IF(M21<0,"EXPIRED",IF(M21<30,"Expiring Soon",IF(M21<90,"Renew Soon","Current"))))
... E29: =IFERROR(VLOOKUP(C29,CSI_Table,2,FALSE),"") | M29: =IF(L29="","",L29-TODAY()) | N29: =IF(L29="","",IF(M29<0,"EXPIRED",IF(M29<30,"Expiring Soon",IF(M29<90,"Renew Soon","Current"))))

Sheet Compliance Summary
A1: Compliance Summary (auto roll-up)
A2: Reads from Sub/Vendor COI Log via COUNTIF / COUNTIFS - do not edit this tab directly. Risk Level cell turns red if Count > 0.
A3: Compliance Metric | B3: Count | C3: Risk Level
A4: Total Subs/Vendors with COI on file (rows logged) | B4: =COUNTA('Sub-Vendor COI Log'!$A$4:$A$29) | C4: —
A5: Total EXPIRED | B5: =COUNTIF('Sub-Vendor COI Log'!$N$4:$N$29,"EXPIRED") | C5: =IF(B5>0,"RISK","OK")
A6: Total Expiring within 30 days (Expiring Soon) | B6: =COUNTIF('Sub-Vendor COI Log'!$N$4:$N$29,"Expiring Soon") | C6: =IF(B6>0,"RISK","OK")
A7: Total missing Additional Insured (Add'l Insured = No) | B7: =COUNTIF('Sub-Vendor COI Log'!$O$4:$O$29,"No") | C7: =IF(B7>0,"RISK","OK")
A8: Total missing Waiver of Subrogation (Waiver = No) | B8: =COUNTIF('Sub-Vendor COI Log'!$P$4:$P$29,"No") | C8: =IF(B8>0,"RISK","OK")
A9: Rows not classified as GL coverage | B9: =COUNTIFS('Sub-Vendor COI Log'!$A$4:$A$29,"<>",'Sub-Vendor COI Log'!$H$4:$H$29,"<>GL") | C9: —
A10: Rows not classified as WC coverage | B10: =COUNTIFS('Sub-Vendor COI Log'!$A$4:$A$29,"<>",'Sub-Vendor COI Log'!$H$4:$H$29,"<>WC") | C10: —

Sheet Dashboard
A1: COI Compliance Dashboard
A2: Auto-calculated from Sub/Vendor COI Log. Update that tab - this one stays in sync. Red = active risk, deal with it this week.
A4: COI Compliance Score
A5: COI Compliance Score (% Current + Renew Soon) | D5: =IFERROR((COUNTIF('Sub-Vendor COI Log'!$N$4:$N$29,"Current")+COUNTIF('Sub-Vendor COI Log'!$N$4:$N$29,"Renew Soon"))/(COUNTIF('Sub-Vendor COI Log'!$N$4:$N$29,"Current")+COUNTIF('Sub-Vendor COI Log'!$N$4:$N$29,"Renew Soon")+COUNTIF('Sub-Vendor COI Log'!$N$4:$N$29,"Expiring Soon")+COUNTIF('Sub-Vendor COI Log'!$N$4:$N$29,"EXPIRED")),0)
A7: Risk Exposure
A8: EXPIRED count | D8: =COUNTIF('Sub-Vendor COI Log'!$N$4:$N$29,"EXPIRED")
A9: Expiring Soon count (<30 days) | D9: =COUNTIF('Sub-Vendor COI Log'!$N$4:$N$29,"Expiring Soon")
A10: Missing Additional Insured count | D10: =COUNTIF('Sub-Vendor COI Log'!$O$4:$O$29,"No")
A11: Missing Waiver of Subrogation count | D11: =COUNTIF('Sub-Vendor COI Log'!$P$4:$P$29,"No")
A13: Top 5 Expiring Soonest
A14: Rank | B14: Subcontractor / Vendor | C14: Coverage | D14: Expiration Date | E14: Days to Expiry | F14: Status
A15: 1 | B15: =IFERROR(INDEX('Sub-Vendor COI Log'!$A$4:$A$29,MATCH(SMALL('Sub-Vendor COI Log'!$M$4:$M$29,1),'Sub-Vendor COI Log'!$M$4:$M$29,0)),"") | C15: =IFERROR(INDEX('Sub-Vendor COI Log'!$H$4:$H$29,MATCH(SMALL('Sub-Vendor COI Log'!$M$4:$M$29,1),'Sub-Vendor COI Log'!$M$4:$M$29,0)),"") | D15: =IFERROR(INDEX('Sub-Vendor COI Log'!$L$4:$L$29,MATCH(SMALL('Sub-Vendor COI Log'!$M$4:$M$29,1),'Sub-Vendor COI Log'!$M$4:$M$29,0)),"") | E15: =IFERROR(SMALL('Sub-Vendor COI Log'!$M$4:$M$29,1),"") | F15: =IFERROR(INDEX('Sub-Vendor COI Log'!$N$4:$N$29,MATCH(SMALL('Sub-Vendor COI Log'!$M$4:$M$29,1),'Sub-Vendor COI Log'!$M$4:$M$29,0)),"")
A16: 2 | B16: =IFERROR(INDEX('Sub-Vendor COI Log'!$A$4:$A$29,MATCH(SMALL('Sub-Vendor COI Log'!$M$4:$M$29,2),'Sub-Vendor COI Log'!$M$4:$M$29,0)),"") | C16: =IFERROR(INDEX('Sub-Vendor COI Log'!$H$4:$H$29,MATCH(SMALL('Sub-Vendor COI Log'!$M$4:$M$29,2),'Sub-Vendor COI Log'!$M$4:$M$29,0)),"") | D16: =IFERROR(INDEX('Sub-Vendor COI Log'!$L$4:$L$29,MATCH(SMALL('Sub-Vendor COI Log'!$M$4:$M$29,2),'Sub-Vendor COI Log'!$M$4:$M$29,0)),"") | E16: =IFERROR(SMALL('Sub-Vendor COI Log'!$M$4:$M$29,2),"") | F16: =IFERROR(INDEX('Sub-Vendor COI Log'!$N$4:$N$29,MATCH(SMALL('Sub-Vendor COI Log'!$M$4:$M$29,2),'Sub-Vendor COI Log'!$M$4:$M$29,0)),"")
A17: 3 | B17: =IFERROR(INDEX('Sub-Vendor COI Log'!$A$4:$A$29,MATCH(SMALL('Sub-Vendor COI Log'!$M$4:$M$29,3),'Sub-Vendor COI Log'!$M$4:$M$29,0)),"") | C17: =IFERROR(INDEX('Sub-Vendor COI Log'!$H$4:$H$29,MATCH(SMALL('Sub-Vendor COI Log'!$M$4:$M$29,3),'Sub-Vendor COI Log'!$M$4:$M$29,0)),"") | D17: =IFERROR(INDEX('Sub-Vendor COI Log'!$L$4:$L$29,MATCH(SMALL('Sub-Vendor COI Log'!$M$4:$M$29,3),'Sub-Vendor COI Log'!$M$4:$M$29,0)),"") | E17: =IFERROR(SMALL('Sub-Vendor COI Log'!$M$4:$M$29,3),"") | F17: =IFERROR(INDEX('Sub-Vendor COI Log'!$N$4:$N$29,MATCH(SMALL('Sub-Vendor COI Log'!$M$4:$M$29,3),'Sub-Vendor COI Log'!$M$4:$M$29,0)),"")
A18: 4 | B18: =IFERROR(INDEX('Sub-Vendor COI Log'!$A$4:$A$29,MATCH(SMALL('Sub-Vendor COI Log'!$M$4:$M$29,4),'Sub-Vendor COI Log'!$M$4:$M$29,0)),"") | C18: =IFERROR(INDEX('Sub-Vendor COI Log'!$H$4:$H$29,MATCH(SMALL('Sub-Vendor COI Log'!$M$4:$M$29,4),'Sub-Vendor COI Log'!$M$4:$M$29,0)),"") | D18: =IFERROR(INDEX('Sub-Vendor COI Log'!$L$4:$L$29,MATCH(SMALL('Sub-Vendor COI Log'!$M$4:$M$29,4),'Sub-Vendor COI Log'!$M$4:$M$29,0)),"") | E18: =IFERROR(SMALL('Sub-Vendor COI Log'!$M$4:$M$29,4),"") | F18: =IFERROR(INDEX('Sub-Vendor COI Log'!$N$4:$N$29,MATCH(SMALL('Sub-Vendor COI Log'!$M$4:$M$29,4),'Sub-Vendor COI Log'!$M$4:$M$29,0)),"")
A19: 5 | B19: =IFERROR(INDEX('Sub-Vendor COI Log'!$A$4:$A$29,MATCH(SMALL('Sub-Vendor COI Log'!$M$4:$M$29,5),'Sub-Vendor COI Log'!$M$4:$M$29,0)),"") | C19: =IFERROR(INDEX('Sub-Vendor COI Log'!$H$4:$H$29,MATCH(SMALL('Sub-Vendor COI Log'!$M$4:$M$29,5),'Sub-Vendor COI Log'!$M$4:$M$29,0)),"") | D19: =IFERROR(INDEX('Sub-Vendor COI Log'!$L$4:$L$29,MATCH(SMALL('Sub-Vendor COI Log'!$M$4:$M$29,5),'Sub-Vendor COI Log'!$M$4:$M$29,0)),"") | E19: =IFERROR(SMALL('Sub-Vendor COI Log'!$M$4:$M$29,5),"") | F19: =IFERROR(INDEX('Sub-Vendor COI Log'!$N$4:$N$29,MATCH(SMALL('Sub-Vendor COI Log'!$M$4:$M$29,5),'Sub-Vendor COI Log'!$M$4:$M$29,0)),"")
A21: Counts by Coverage Type
A22: Coverage Type | B22: Count | C22: Current | D22: Expiring Soon | E22: EXPIRED
A23: GL | B23: =COUNTIF('Sub-Vendor COI Log'!$H$4:$H$29,"GL") | C23: =COUNTIFS('Sub-Vendor COI Log'!$H$4:$H$29,"GL",'Sub-Vendor COI Log'!$N$4:$N$29,"Current") | D23: =COUNTIFS('Sub-Vendor COI Log'!$H$4:$H$29,"GL",'Sub-Vendor COI Log'!$N$4:$N$29,"Expiring Soon") | E23: =COUNTIFS('Sub-Vendor COI Log'!$H$4:$H$29,"GL",'Sub-Vendor COI Log'!$N$4:$N$29,"EXPIRED")
A24: WC | B24: =COUNTIF('Sub-Vendor COI Log'!$H$4:$H$29,"WC") | C24: =COUNTIFS('Sub-Vendor COI Log'!$H$4:$H$29,"WC",'Sub-Vendor COI Log'!$N$4:$N$29,"Current") | D24: =COUNTIFS('Sub-Vendor COI Log'!$H$4:$H$29,"WC",'Sub-Vendor COI Log'!$N$4:$N$29,"Expiring Soon") | E24: =COUNTIFS('Sub-Vendor COI Log'!$H$4:$H$29,"WC",'Sub-Vendor COI Log'!$N$4:$N$29,"EXPIRED")
A25: Auto | B25: =COUNTIF('Sub-Vendor COI Log'!$H$4:$H$29,"Auto") | C25: =COUNTIFS('Sub-Vendor COI Log'!$H$4:$H$29,"Auto",'Sub-Vendor COI Log'!$N$4:$N$29,"Current") | D25: =COUNTIFS('Sub-Vendor COI Log'!$H$4:$H$29,"Auto",'Sub-Vendor COI Log'!$N$4:$N$29,"Expiring Soon") | E25: =COUNTIFS('Sub-Vendor COI Log'!$H$4:$H$29,"Auto",'Sub-Vendor COI Log'!$N$4:$N$29,"EXPIRED")
A26: Excess/Umbrella | B26: =COUNTIF('Sub-Vendor COI Log'!$H$4:$H$29,"Excess/Umbrella") | C26: =COUNTIFS('Sub-Vendor COI Log'!$H$4:$H$29,"Excess/Umbrella",'Sub-Vendor COI Log'!$N$4:$N$29,"Current") | D26: =COUNTIFS('Sub-Vendor COI Log'!$H$4:$H$29,"Excess/Umbrella",'Sub-Vendor COI Log'!$N$4:$N$29,"Expiring Soon") | E26: =COUNTIFS('Sub-Vendor COI Log'!$H$4:$H$29,"Excess/Umbrella",'Sub-Vendor COI Log'!$N$4:$N$29,"EXPIRED")
A27: Builder's Risk | B27: =COUNTIF('Sub-Vendor COI Log'!$H$4:$H$29,"Builder's Risk") | C27: =COUNTIFS('Sub-Vendor COI Log'!$H$4:$H$29,"Builder's Risk",'Sub-Vendor COI Log'!$N$4:$N$29,"Current") | D27: =COUNTIFS('Sub-Vendor COI Log'!$H$4:$H$29,"Builder's Risk",'Sub-Vendor COI Log'!$N$4:$N$29,"Expiring Soon") | E27: =COUNTIFS('Sub-Vendor COI Log'!$H$4:$H$29,"Builder's Risk",'Sub-Vendor COI Log'!$N$4:$N$29,"EXPIRED")
A28: Pollution | B28: =COUNTIF('Sub-Vendor COI Log'!$H$4:$H$29,"Pollution") | C28: =COUNTIFS('Sub-Vendor COI Log'!$H$4:$H$29,"Pollution",'Sub-Vendor COI Log'!$N$4:$N$29,"Current") | D28: =COUNTIFS('Sub-Vendor COI Log'!$H$4:$H$29,"Pollution",'Sub-Vendor COI Log'!$N$4:$N$29,"Expiring Soon") | E28: =COUNTIFS('Sub-Vendor COI Log'!$H$4:$H$29,"Pollution",'Sub-Vendor COI Log'!$N$4:$N$29,"EXPIRED")

Sheet CSI Reference
A1: CSI MasterFormat Division Reference
A2: Pulled from the same canonical list as ContrPro Job Costing. Do not edit.
A3: CSI Division | B3: Division Name
A4: 01 | B4: General Requirements
A5: 02 | B5: Existing Conditions
A6: 03 | B6: Concrete
A7: 04 | B7: Masonry
A8: 05 | B8: Metals
A9: 06 | B9: Wood, Plastics, and Composites
A10: 07 | B10: Thermal and Moisture Protection
A11: 08 | B11: Openings
A12: 09 | B12: Finishes
A13: 10 | B13: Specialties
A14: 11 | B14: Equipment
... A38: 49 | B38: Reserved
