Workbook
Name CSI_Divisions: 'CSI Reference'!$A$4:$A$38
Name CSI_Table: 'CSI Reference'!$A$4:$B$38

Sheet Instructions
B2: ContrPro - Subcontractor Tracker PRO
B3: Prequalification + performance + work history + bonding. The master vendor database. Business / Complete tier.
B5: What this workbook is
B6: Seven visible tabs plus one hidden lookup. Sub Master Record is the deep database - prequal status, license, COI, W9, bonding, EMR, OSHA history, DBE/MBE/WBE, plus a performance scorecard (Schedule, Quality, Safety, Communication, Financial). Work History is a per-project ledger of how each sub actually performed. The remaining tabs are auto-rolled reports: Performance Leaderboard, Compliance Dashboard, Bonding Capacity Roll-Up, Trade Distribution.
B7: This is the FLAGSHIP sub-tracker. If you are awarding > 25 subs/year, running multiple PMs, or carrying $5M+ in subcontracts at any time, this is the tool. If you just need a clean list of who you work with, use the lean Subcontractor_Tracker.xlsx instead.
B9: Prequalification workflow
B10: Step 1 - Add the sub to Sub Master Record with Prequal Status = Pending. Fill in company data, EIN, license, insurance, bonding capacity, EMR. Set Prequal Date to today.
B11: Step 2 - Send the prequal package (financial statements last 3 years, references, safety program, bonding letter, COI sample, license verification). Confirm receipt.
B12: Step 3 - Verify references and license status independently. Pull EMR letter from their insurer. Confirm OSHA 300A logs.
B13: Step 4 - Decision: Approved (full bid list), Conditionally Approved (specific scopes or $ caps only), or Rejected. Set Prequal Renewal Date = +12 months.
B14: Step 5 - Renewal: every Prequal Renewal Date, re-pull financials, COI, license, EMR. Refresh the row. No re-prequal, no awards.
B16: Performance scoring rubric (1-5 each, scored after every job)
... B69: ContrPro - built for builders. Questions: support@contrpro.com

Sheet Sub Master Record
A1: Sub Master Record
A3: Sub ID | B3: Company Name | C3: DBA / Trade Name | D3: Primary Contact | E3: Secondary Contact | F3: Phone | G3: Email | H3: Address | I3: EIN | J3: Trade | K3: Specialties | L3: CSI Division | M3: Division Name | N3: Years in Business | O3: Annual Revenue | P3: Employees | Q3: Office State | R3: Service Area States | S3: Prequal Status | T3: Prequal Date | U3: Prequal Renewal | V3: License # | W3: License State | X3: License Status | Y3: COI on File? | Z3: COI Expires | AA3: W9 on File? | AB3: Bonded? | AC3: Bonding Company | AD3: Single Project Bond Capacity | AE3: Aggregate Bond Capacity | AF3: DBE/MBE/WBE | AG3: DBE Cert Expires | AH3: Safety EMR | AI3: OSHA Recordable (3yr) | AJ3: Last Used Date | AK3: Score: Schedule | AL3: Score: Quality | AM3: Score: Safety | AN3: Score: Communication | AO3: Score: Financial | AP3: Overall Score | AQ3: Performance Rating | AR3: Approved? | AS3: Notes
A4: S-001 | B4: EXAMPLE - Pacific Steel Erectors | C4: PSE Steel | D4: Marcus Reyes | E4: Tanya Reyes | F4: (555) 213-8842 | G4: marcus@pacificsteel.example | H4: 1240 Industrial Way, Tacoma WA 98421 | I4: 91-2334887 | J4: Structural Steel | K4: Erection, miscellaneous metals, stair fab | L4: 05 | M4: =IFERROR(VLOOKUP(L4,CSI_Table,2,FALSE),"") | N4: 22 | O4: 14500000 | P4: 78 | Q4: WA | R4: WA, OR, ID, MT | S4: Approved | T4: 2026-01-15 | U4: 2027-01-15 | V4: WA-CTR-104882 | W4: WA | X4: Active | Y4: Current | Z4: 2026-09-30 | AA4: Yes | AB4: Yes | AC4: Travelers Casualty | AD4: 5000000 | AE4: 15000000 | AF4: None | AH4: 0.78 | AI4: 0 | AJ4: 2026-04-12 | AK4: 5 | AL4: 5 | AM4: 5 | AN4: 4 | AO4: 5 | AP4: =IFERROR(AVERAGE(AK4:AO4),"") | AQ4: =IF(AP4="","",IF(AP4>=4.5,"A",IF(AP4>=3.5,"B",IF(AP4>=2.5,"C","D")))) | AR4: =IF(AND(S4="Approved",Y4="Current",X4="Active",IFERROR(AP4>=3,FALSE)),"Yes","No") | AS4: A-list steel erector. Used on Riverside Office Bldg + Pinnacle. Bonded thru Travelers. EMR 0.78 is best-in-class.
A5: S-002 | B5: EXAMPLE - Apex Plumbing & Mechanical | C5: Apex P&M | D5: Dana Whitfield | E5: Carlos Mendez | F5: (555) 661-0034 | G5: dana@apexpm.example | H5: 5612 Service Rd, Portland OR 97211 | I5: 93-1118822 | J5: Plumbing | K5: Commercial plumbing rough-in, medical gas, fixtures | L5: 22 | M5: =IFERROR(VLOOKUP(L5,CSI_Table,2,FALSE),"") | N5: 18 | O5: 9200000 | P5: 54 | Q5: OR | R5: OR, WA | S5: Approved | T5: 2025-11-08 | U5: 2026-11-08 | V5: OR-PLB-77231 | W5: OR | X5: Active | Y5: Current | Z5: 2026-12-31 | AA5: Yes | AB5: Yes | AC5: Liberty Mutual | AD5: 3000000 | AE5: 8000000 | AF5: None | AH5: 0.92 | AI5: 1 | AJ5: 2026-05-02 | AK5: 4 | AL5: 4 | AM5: 4 | AN5: 5 | AO5: 4 | AP5: =IFERROR(AVERAGE(AK5:AO5),"") | AQ5: =IF(AP5="","",IF(AP5>=4.5,"A",IF(AP5>=3.5,"B",IF(AP5>=2.5,"C","D")))) | AR5: =IF(AND(S5="Approved",Y5="Current",X5="Active",IFERROR(AP5>=3,FALSE)),"Yes","No") | AS5: Reliable plumbing partner. Strong on med gas. EMR fine. Pay app cadence monthly, never a friction.
A6: S-003 | B6: EXAMPLE - Bayside Electric LLC | D6: Renee Hu | E6: Jon Park | F6: (555) 408-2917 | G6: renee@baysideelec.example | H6: 888 Harbor Blvd, Oakland CA 94606 | I6: 94-2207715 | J6: Electrical | K6: Service entrance, lighting controls, fire alarm | L6: 26 | M6: =IFERROR(VLOOKUP(L6,CSI_Table,2,FALSE),"") | N6: 9 | O6: 4400000 | P6: 28 | Q6: CA | R6: CA, NV | S6: Conditionally Approved | T6: 2026-02-22 | U6: 2026-08-22 | V6: CA-C10-1004821 | W6: CA | X6: Active | Y6: Expired | Z6: 2026-04-30 | AA6: Yes | AB6: No | AF6: MBE | AG6: 2027-03-01 | AH6: 1.12 | AI6: 2 | AJ6: 2026-02-12 | AK6: 3 | AL6: 4 | AM6: 2 | AN6: 3 | AO6: 3 | AP6: =IFERROR(AVERAGE(AK6:AO6),"") | AQ6: =IF(AP6="","",IF(AP6>=4.5,"A",IF(AP6>=3.5,"B",IF(AP6>=2.5,"C","D")))) | AR6: =IF(AND(S6="Approved",Y6="Current",X6="Active",IFERROR(AP6>=3,FALSE)),"Yes","No") | AS6: RISK: COI expired 2026-04-30. EMR 1.12 over target. MBE cert valid. Quality fine, safety + paperwork need work.
A7: S-004 | B7: EXAMPLE - North Cascade HVAC | C7: NC HVAC | D7: Sam Petrov | E7: Anna Petrov | F7: (555) 920-4477 | G7: sam@ncascadehvac.example | H7: 201 Mountain View Dr, Bellingham WA 98225 | I7: 91-3447721 | J7: HVAC | K7: VAV controls, RTU install, commissioning support | L7: 23 | M7: =IFERROR(VLOOKUP(L7,CSI_Table,2,FALSE),"") | N7: 14 | O7: 6800000 | P7: 41 | Q7: WA | R7: WA | S7: Approved | T7: 2026-03-01 | U7: 2027-03-01 | V7: WA-MEC-55619 | W7: WA | X7: Active | Y7: Current | Z7: 2027-01-15 | AA7: Yes | AB7: Yes | AC7: Travelers Casualty | AD7: 2500000 | AE7: 7000000 | AF7: None | AH7: 0.85 | AI7: 0 | AJ7: 2026-03-22 | AK7: 5 | AL7: 5 | AM7: 5 | AN7: 5 | AO7: 4 | AP7: =IFERROR(AVERAGE(AK7:AO7),"") | AQ7: =IF(AP7="","",IF(AP7>=4.5,"A",IF(AP7>=3.5,"B",IF(AP7>=2.5,"C","D")))) | AR7: =IF(AND(S7="Approved",Y7="Current",X7="Active",IFERROR(AP7>=3,FALSE)),"Yes","No") | AS7: Top-tier HVAC. Strong VAV controls. Approved on Riverside + Pinnacle. Best performer in the HVAC bench.
A8: S-005 | B8: EXAMPLE - Granite West Concrete | C8: Granite West | D8: Tomas Okafor | E8: Marie Okafor | F8: (555) 717-3360 | G8: tomas@granitewest.example | H8: 3300 Plant Rd, Spokane WA 99202 | I8: 91-4498822 | J8: Concrete | K8: Slab on grade, footings, small structural pours | L8: 03 | M8: =IFERROR(VLOOKUP(L8,CSI_Table,2,FALSE),"") | N8: 26 | O8: 12100000 | P8: 65 | Q8: WA | R8: WA, ID, MT | S8: Approved | T8: 2025-09-15 | U8: 2026-09-15 | V8: WA-CON-88914 | W8: WA | X8: Active | Y8: Current | Z8: 2026-11-30 | AA8: Yes | AB8: Yes | AC8: Zurich North America | AD8: 4000000 | AE8: 10000000 | AF8: None | AH8: 0.88 | AI8: 1 | AJ8: 2026-01-18 | AK8: 3 | AL8: 4 | AM8: 4 | AN8: 3 | AO8: 4 | AP8: =IFERROR(AVERAGE(AK8:AO8),"") | AQ8: =IF(AP8="","",IF(AP8>=4.5,"A",IF(AP8>=3.5,"B",IF(AP8>=2.5,"C","D")))) | AR8: =IF(AND(S8="Approved",Y8="Current",X8="Active",IFERROR(AP8>=3,FALSE)),"Yes","No") | AS8: Solid for slabs up to ~10K SF. Bigger pours we route to GraniteCore. Schedule slippage is the recurring friction.
A9: S-006 | B9: EXAMPLE - Cornerstone Masonry | C9: Cornerstone | D9: Lila Bennett | F9: (555) 332-5511 | G9: lila@cornermason.example | H9: 44 Brick Yard Ln, Boise ID 83702 | I9: 82-2218833 | J9: Masonry | K9: CMU, brick veneer, stone | L9: 04 | M9: =IFERROR(VLOOKUP(L9,CSI_Table,2,FALSE),"") | N9: 6 | O9: 1900000 | P9: 14 | Q9: ID | R9: ID, WA, OR | S9: Pending | T9: 2026-04-30 | U9: 2026-10-30 | V9: ID-MSN-21908 | W9: ID | X9: Pending | Y9: None | AA9: No | AB9: No | AF9: WBE | AG9: 2027-05-15 | AH9: 1.05 | AI9: 0 | AP9: =IFERROR(AVERAGE(AK9:AO9),"") | AQ9: =IF(AP9="","",IF(AP9>=4.5,"A",IF(AP9>=3.5,"B",IF(AP9>=2.5,"C","D")))) | AR9: =IF(AND(S9="Approved",Y9="Current",X9="Active",IFERROR(AP9>=3,FALSE)),"Yes","No") | AS9: New relationship. Prequal in progress. License renewal + W9 still pending. Hold all awards until full prequal closes. WBE certified.
A10: S-007 | B10: EXAMPLE - Skyline Roofing Co | C10: Skyline | D10: Jorge Alvarez | E10: Maria Alvarez | F10: (555) 224-6611 | G10: jorge@skylineroof.example | H10: 1101 Industrial Pkwy, Reno NV 89502 | I10: 88-1144229 | J10: Roofing | K10: TPO, modified bit, flashing details | L10: 07 | M10: =IFERROR(VLOOKUP(L10,CSI_Table,2,FALSE),"") | N10: 11 | O10: 5300000 | P10: 32 | Q10: NV | R10: NV, CA, UT | S10: Approved | T10: 2026-01-30 | U10: 2027-01-30 | V10: NV-ROOF-44520 | W10: NV | X10: Active | Y10: Current | Z10: 2026-10-15 | AA10: Yes | AB10: Yes | AC10: Liberty Mutual | AD10: 2000000 | AE10: 5000000 | AF10: DBE | AG10: 2026-12-31 | AH10: 0.95 | AI10: 1 | AJ10: 2026-04-19 | AK10: 4 | AL10: 4 | AM10: 5 | AN10: 4 | AO10: 4 | AP10: =IFERROR(AVERAGE(AK10:AO10),"") | AQ10: =IF(AP10="","",IF(AP10>=4.5,"A",IF(AP10>=3.5,"B",IF(AP10>=2.5,"C","D")))) | AR10: =IF(AND(S10="Approved",Y10="Current",X10="Active",IFERROR(AP10>=3,FALSE)),"Yes","No") | AS10: TPO + mod-bit specialist. Strong on emergency repair (Riverside wind event). Premium pricing but they show up. DBE cert valid.
A11: S-008 | B11: EXAMPLE - Allied Drywall & Finishes | C11: Allied DW | D11: Kim Park | E11: Eddie Park | F11: (555) 559-2218 | G11: kim@allieddrywall.example | H11: 78 Trade Center Dr, Seattle WA 98108 | I11: 91-5572281 | J11: Drywall | K11: Metal stud framing, drywall, acoustic ceilings, paint | L11: 09 | M11: =IFERROR(VLOOKUP(L11,CSI_Table,2,FALSE),"") | N11: 8 | O11: 3100000 | P11: 22 | Q11: WA | R11: WA | S11: Inactive | T11: 2025-06-01 | U11: 2026-06-01 | V11: WA-CTR-203847 | W11: WA | X11: Expired | Y11: None | AA11: Yes | AB11: No | AF11: None | AH11: 1.35 | AI11: 4 | AJ11: 2025-11-04 | AK11: 2 | AL11: 2 | AM11: 1 | AN11: 2 | AO11: 3 | AP11: =IFERROR(AVERAGE(AK11:AO11),"") | AQ11: =IF(AP11="","",IF(AP11>=4.5,"A",IF(AP11>=3.5,"B",IF(AP11>=2.5,"C","D")))) | AR11: =IF(AND(S11="Approved",Y11="Current",X11="Active",IFERROR(AP11>=3,FALSE)),"Yes","No") | AS11: RETIRED from active bid list. EMR 1.35, 4 OSHA incidents last 3 yrs, license expired, COI lapsed. Do not award. Kept on record for history.
M12: =IFERROR(VLOOKUP(L12,CSI_Table,2,FALSE),"") | AP12: =IFERROR(AVERAGE(AK12:AO12),"") | AQ12: =IF(AP12="","",IF(AP12>=4.5,"A",IF(AP12>=3.5,"B",IF(AP12>=2.5,"C","D")))) | AR12: =IF(AND(S12="Approved",Y12="Current",X12="Active",IFERROR(AP12>=3,FALSE)),"Yes","No")
M13: =IFERROR(VLOOKUP(L13,CSI_Table,2,FALSE),"") | AP13: =IFERROR(AVERAGE(AK13:AO13),"") | AQ13: =IF(AP13="","",IF(AP13>=4.5,"A",IF(AP13>=3.5,"B",IF(AP13>=2.5,"C","D")))) | AR13: =IF(AND(S13="Approved",Y13="Current",X13="Active",IFERROR(AP13>=3,FALSE)),"Yes","No")
M14: =IFERROR(VLOOKUP(L14,CSI_Table,2,FALSE),"") | AP14: =IFERROR(AVERAGE(AK14:AO14),"") | AQ14: =IF(AP14="","",IF(AP14>=4.5,"A",IF(AP14>=3.5,"B",IF(AP14>=2.5,"C","D")))) | AR14: =IF(AND(S14="Approved",Y14="Current",X14="Active",IFERROR(AP14>=3,FALSE)),"Yes","No")
M15: =IFERROR(VLOOKUP(L15,CSI_Table,2,FALSE),"") | AP15: =IFERROR(AVERAGE(AK15:AO15),"") | AQ15: =IF(AP15="","",IF(AP15>=4.5,"A",IF(AP15>=3.5,"B",IF(AP15>=2.5,"C","D")))) | AR15: =IF(AND(S15="Approved",Y15="Current",X15="Active",IFERROR(AP15>=3,FALSE)),"Yes","No")
M16: =IFERROR(VLOOKUP(L16,CSI_Table,2,FALSE),"") | AP16: =IFERROR(AVERAGE(AK16:AO16),"") | AQ16: =IF(AP16="","",IF(AP16>=4.5,"A",IF(AP16>=3.5,"B",IF(AP16>=2.5,"C","D")))) | AR16: =IF(AND(S16="Approved",Y16="Current",X16="Active",IFERROR(AP16>=3,FALSE)),"Yes","No")
M17: =IFERROR(VLOOKUP(L17,CSI_Table,2,FALSE),"") | AP17: =IFERROR(AVERAGE(AK17:AO17),"") | AQ17: =IF(AP17="","",IF(AP17>=4.5,"A",IF(AP17>=3.5,"B",IF(AP17>=2.5,"C","D")))) | AR17: =IF(AND(S17="Approved",Y17="Current",X17="Active",IFERROR(AP17>=3,FALSE)),"Yes","No")
M18: =IFERROR(VLOOKUP(L18,CSI_Table,2,FALSE),"") | AP18: =IFERROR(AVERAGE(AK18:AO18),"") | AQ18: =IF(AP18="","",IF(AP18>=4.5,"A",IF(AP18>=3.5,"B",IF(AP18>=2.5,"C","D")))) | AR18: =IF(AND(S18="Approved",Y18="Current",X18="Active",IFERROR(AP18>=3,FALSE)),"Yes","No")
M19: =IFERROR(VLOOKUP(L19,CSI_Table,2,FALSE),"") | AP19: =IFERROR(AVERAGE(AK19:AO19),"") | AQ19: =IF(AP19="","",IF(AP19>=4.5,"A",IF(AP19>=3.5,"B",IF(AP19>=2.5,"C","D")))) | AR19: =IF(AND(S19="Approved",Y19="Current",X19="Active",IFERROR(AP19>=3,FALSE)),"Yes","No")
M20: =IFERROR(VLOOKUP(L20,CSI_Table,2,FALSE),"") | AP20: =IFERROR(AVERAGE(AK20:AO20),"") | AQ20: =IF(AP20="","",IF(AP20>=4.5,"A",IF(AP20>=3.5,"B",IF(AP20>=2.5,"C","D")))) | AR20: =IF(AND(S20="Approved",Y20="Current",X20="Active",IFERROR(AP20>=3,FALSE)),"Yes","No")
M21: =IFERROR(VLOOKUP(L21,CSI_Table,2,FALSE),"") | AP21: =IFERROR(AVERAGE(AK21:AO21),"") | AQ21: =IF(AP21="","",IF(AP21>=4.5,"A",IF(AP21>=3.5,"B",IF(AP21>=2.5,"C","D")))) | AR21: =IF(AND(S21="Approved",Y21="Current",X21="Active",IFERROR(AP21>=3,FALSE)),"Yes","No")
M22: =IFERROR(VLOOKUP(L22,CSI_Table,2,FALSE),"") | AP22: =IFERROR(AVERAGE(AK22:AO22),"") | AQ22: =IF(AP22="","",IF(AP22>=4.5,"A",IF(AP22>=3.5,"B",IF(AP22>=2.5,"C","D")))) | AR22: =IF(AND(S22="Approved",Y22="Current",X22="Active",IFERROR(AP22>=3,FALSE)),"Yes","No")
M23: =IFERROR(VLOOKUP(L23,CSI_Table,2,FALSE),"") | AP23: =IFERROR(AVERAGE(AK23:AO23),"") | AQ23: =IF(AP23="","",IF(AP23>=4.5,"A",IF(AP23>=3.5,"B",IF(AP23>=2.5,"C","D")))) | AR23: =IF(AND(S23="Approved",Y23="Current",X23="Active",IFERROR(AP23>=3,FALSE)),"Yes","No")
... M36: =IFERROR(VLOOKUP(L36,CSI_Table,2,FALSE),"") | AP36: =IFERROR(AVERAGE(AK36:AO36),"") | AQ36: =IF(AP36="","",IF(AP36>=4.5,"A",IF(AP36>=3.5,"B",IF(AP36>=2.5,"C","D")))) | AR36: =IF(AND(S36="Approved",Y36="Current",X36="Active",IFERROR(AP36>=3,FALSE)),"Yes","No")

Sheet Work History
A1: Work History (per-sub project ledger)
A2: One row per sub x project. Sub ID must match Sub Master Record. Score after every completed contract.
A3: Sub ID | B3: Project Number | C3: Project Name | D3: Year Completed | E3: Contract Value | F3: On-Time? | G3: On-Budget? | H3: Final Quality Rating | I3: Issues / Notes
A4: S-001 | B4: P-2024-014 | C4: Riverside Office Building | D4: 2024 | E4: 1850000 | F4: Yes | G4: Yes | H4: 5 | I4: Excellent erection schedule. Zero punch issues.
A5: S-001 | B5: P-2025-007 | C5: Pinnacle Tower Phase 1 | D5: 2025 | E5: 2650000 | F5: Yes | G5: Yes | H5: 5 | I5: On schedule throughout. Stair fab quality top-tier.
A6: S-002 | B6: P-2024-018 | C6: Northgate Medical Plaza | D6: 2024 | E6: 920000 | F6: Yes | G6: Partial | H6: 4 | I6: Med gas changes drove $42K cost growth - sub flagged early.
A7: S-002 | B7: P-2025-003 | C7: Bayview Tenant Improvement | D7: 2025 | E7: 310000 | F7: Yes | G7: Yes | H7: 4 | I7: Clean job. Fixture coordination handled well.
A8: S-003 | B8: P-2025-009 | C8: Harbor District Retail | D8: 2025 | E8: 480000 | F8: Partial | G8: No | H8: 3 | I8: Two safety stand-downs. Schedule slipped 14 days. Cost overrun $28K.
A9: S-004 | B9: P-2024-014 | C9: Riverside Office Building | D9: 2024 | E9: 1120000 | F9: Yes | G9: Yes | H9: 5 | I9: VAV controls commissioned 5 days early. Owner thrilled.
A10: S-004 | B10: P-2025-007 | C10: Pinnacle Tower Phase 1 | D10: 2025 | E10: 1580000 | F10: Yes | G10: Yes | H10: 5 | I10: Same crew as Riverside. Same A+ result.
A11: S-005 | B11: P-2024-011 | C11: Eastpoint Distribution Center | D11: 2024 | E11: 1350000 | F11: No | G11: Partial | H11: 4 | I11: Slab pours delayed 11 days due to rebar lead time. Quality fine.
A12: S-007 | B12: P-2024-014 | C12: Riverside Office Building (storm repair) | D12: 2024 | E12: 68000 | F12: Yes | G12: Yes | H12: 5 | I12: Emergency wind-event repair, mobilized in 36 hrs.
A13: S-008 | B13: P-2024-006 | C13: Sunnyside Office Refit | D13: 2024 | E13: 240000 | F13: No | G13: No | H13: 2 | I13: Schedule slip 21 days. Punch list reopened twice. Crew safety issue noted.

Sheet Performance Leaderboard
A1: Performance Leaderboard
A2: Top 10 subs by Overall Score. Auto-ranked from Sub Master Record. Do not edit - update scores on the master tab and this re-sorts.
A4: Rank | B4: Sub ID | C4: Company Name | D4: Trade | E4: Overall Score | F4: Rating | G4: Last Used
A5: 1 | B5: =IFERROR(IF(E5="","",INDEX('Sub Master Record'!$A$4:$A$36,MATCH(E5,'Sub Master Record'!$AP$4:$AP$36,0))),"") | C5: =IFERROR(IF(E5="","",INDEX('Sub Master Record'!$B$4:$B$36,MATCH(E5,'Sub Master Record'!$AP$4:$AP$36,0))),"") | D5: =IFERROR(IF(E5="","",INDEX('Sub Master Record'!$J$4:$J$36,MATCH(E5,'Sub Master Record'!$AP$4:$AP$36,0))),"") | E5: =IFERROR(LARGE('Sub Master Record'!$AP$4:$AP$36,1),"") | F5: =IFERROR(IF(E5="","",INDEX('Sub Master Record'!$AQ$4:$AQ$36,MATCH(E5,'Sub Master Record'!$AP$4:$AP$36,0))),"") | G5: =IFERROR(IF(E5="","",INDEX('Sub Master Record'!$AJ$4:$AJ$36,MATCH(E5,'Sub Master Record'!$AP$4:$AP$36,0))),"")
A6: 2 | B6: =IFERROR(IF(E6="","",INDEX('Sub Master Record'!$A$4:$A$36,MATCH(E6,'Sub Master Record'!$AP$4:$AP$36,0))),"") | C6: =IFERROR(IF(E6="","",INDEX('Sub Master Record'!$B$4:$B$36,MATCH(E6,'Sub Master Record'!$AP$4:$AP$36,0))),"") | D6: =IFERROR(IF(E6="","",INDEX('Sub Master Record'!$J$4:$J$36,MATCH(E6,'Sub Master Record'!$AP$4:$AP$36,0))),"") | E6: =IFERROR(LARGE('Sub Master Record'!$AP$4:$AP$36,2),"") | F6: =IFERROR(IF(E6="","",INDEX('Sub Master Record'!$AQ$4:$AQ$36,MATCH(E6,'Sub Master Record'!$AP$4:$AP$36,0))),"") | G6: =IFERROR(IF(E6="","",INDEX('Sub Master Record'!$AJ$4:$AJ$36,MATCH(E6,'Sub Master Record'!$AP$4:$AP$36,0))),"")
A7: 3 | B7: =IFERROR(IF(E7="","",INDEX('Sub Master Record'!$A$4:$A$36,MATCH(E7,'Sub Master Record'!$AP$4:$AP$36,0))),"") | C7: =IFERROR(IF(E7="","",INDEX('Sub Master Record'!$B$4:$B$36,MATCH(E7,'Sub Master Record'!$AP$4:$AP$36,0))),"") | D7: =IFERROR(IF(E7="","",INDEX('Sub Master Record'!$J$4:$J$36,MATCH(E7,'Sub Master Record'!$AP$4:$AP$36,0))),"") | E7: =IFERROR(LARGE('Sub Master Record'!$AP$4:$AP$36,3),"") | F7: =IFERROR(IF(E7="","",INDEX('Sub Master Record'!$AQ$4:$AQ$36,MATCH(E7,'Sub Master Record'!$AP$4:$AP$36,0))),"") | G7: =IFERROR(IF(E7="","",INDEX('Sub Master Record'!$AJ$4:$AJ$36,MATCH(E7,'Sub Master Record'!$AP$4:$AP$36,0))),"")
A8: 4 | B8: =IFERROR(IF(E8="","",INDEX('Sub Master Record'!$A$4:$A$36,MATCH(E8,'Sub Master Record'!$AP$4:$AP$36,0))),"") | C8: =IFERROR(IF(E8="","",INDEX('Sub Master Record'!$B$4:$B$36,MATCH(E8,'Sub Master Record'!$AP$4:$AP$36,0))),"") | D8: =IFERROR(IF(E8="","",INDEX('Sub Master Record'!$J$4:$J$36,MATCH(E8,'Sub Master Record'!$AP$4:$AP$36,0))),"") | E8: =IFERROR(LARGE('Sub Master Record'!$AP$4:$AP$36,4),"") | F8: =IFERROR(IF(E8="","",INDEX('Sub Master Record'!$AQ$4:$AQ$36,MATCH(E8,'Sub Master Record'!$AP$4:$AP$36,0))),"") | G8: =IFERROR(IF(E8="","",INDEX('Sub Master Record'!$AJ$4:$AJ$36,MATCH(E8,'Sub Master Record'!$AP$4:$AP$36,0))),"")
A9: 5 | B9: =IFERROR(IF(E9="","",INDEX('Sub Master Record'!$A$4:$A$36,MATCH(E9,'Sub Master Record'!$AP$4:$AP$36,0))),"") | C9: =IFERROR(IF(E9="","",INDEX('Sub Master Record'!$B$4:$B$36,MATCH(E9,'Sub Master Record'!$AP$4:$AP$36,0))),"") | D9: =IFERROR(IF(E9="","",INDEX('Sub Master Record'!$J$4:$J$36,MATCH(E9,'Sub Master Record'!$AP$4:$AP$36,0))),"") | E9: =IFERROR(LARGE('Sub Master Record'!$AP$4:$AP$36,5),"") | F9: =IFERROR(IF(E9="","",INDEX('Sub Master Record'!$AQ$4:$AQ$36,MATCH(E9,'Sub Master Record'!$AP$4:$AP$36,0))),"") | G9: =IFERROR(IF(E9="","",INDEX('Sub Master Record'!$AJ$4:$AJ$36,MATCH(E9,'Sub Master Record'!$AP$4:$AP$36,0))),"")
A10: 6 | B10: =IFERROR(IF(E10="","",INDEX('Sub Master Record'!$A$4:$A$36,MATCH(E10,'Sub Master Record'!$AP$4:$AP$36,0))),"") | C10: =IFERROR(IF(E10="","",INDEX('Sub Master Record'!$B$4:$B$36,MATCH(E10,'Sub Master Record'!$AP$4:$AP$36,0))),"") | D10: =IFERROR(IF(E10="","",INDEX('Sub Master Record'!$J$4:$J$36,MATCH(E10,'Sub Master Record'!$AP$4:$AP$36,0))),"") | E10: =IFERROR(LARGE('Sub Master Record'!$AP$4:$AP$36,6),"") | F10: =IFERROR(IF(E10="","",INDEX('Sub Master Record'!$AQ$4:$AQ$36,MATCH(E10,'Sub Master Record'!$AP$4:$AP$36,0))),"") | G10: =IFERROR(IF(E10="","",INDEX('Sub Master Record'!$AJ$4:$AJ$36,MATCH(E10,'Sub Master Record'!$AP$4:$AP$36,0))),"")
A11: 7 | B11: =IFERROR(IF(E11="","",INDEX('Sub Master Record'!$A$4:$A$36,MATCH(E11,'Sub Master Record'!$AP$4:$AP$36,0))),"") | C11: =IFERROR(IF(E11="","",INDEX('Sub Master Record'!$B$4:$B$36,MATCH(E11,'Sub Master Record'!$AP$4:$AP$36,0))),"") | D11: =IFERROR(IF(E11="","",INDEX('Sub Master Record'!$J$4:$J$36,MATCH(E11,'Sub Master Record'!$AP$4:$AP$36,0))),"") | E11: =IFERROR(LARGE('Sub Master Record'!$AP$4:$AP$36,7),"") | F11: =IFERROR(IF(E11="","",INDEX('Sub Master Record'!$AQ$4:$AQ$36,MATCH(E11,'Sub Master Record'!$AP$4:$AP$36,0))),"") | G11: =IFERROR(IF(E11="","",INDEX('Sub Master Record'!$AJ$4:$AJ$36,MATCH(E11,'Sub Master Record'!$AP$4:$AP$36,0))),"")
A12: 8 | B12: =IFERROR(IF(E12="","",INDEX('Sub Master Record'!$A$4:$A$36,MATCH(E12,'Sub Master Record'!$AP$4:$AP$36,0))),"") | C12: =IFERROR(IF(E12="","",INDEX('Sub Master Record'!$B$4:$B$36,MATCH(E12,'Sub Master Record'!$AP$4:$AP$36,0))),"") | D12: =IFERROR(IF(E12="","",INDEX('Sub Master Record'!$J$4:$J$36,MATCH(E12,'Sub Master Record'!$AP$4:$AP$36,0))),"") | E12: =IFERROR(LARGE('Sub Master Record'!$AP$4:$AP$36,8),"") | F12: =IFERROR(IF(E12="","",INDEX('Sub Master Record'!$AQ$4:$AQ$36,MATCH(E12,'Sub Master Record'!$AP$4:$AP$36,0))),"") | G12: =IFERROR(IF(E12="","",INDEX('Sub Master Record'!$AJ$4:$AJ$36,MATCH(E12,'Sub Master Record'!$AP$4:$AP$36,0))),"")
A13: 9 | B13: =IFERROR(IF(E13="","",INDEX('Sub Master Record'!$A$4:$A$36,MATCH(E13,'Sub Master Record'!$AP$4:$AP$36,0))),"") | C13: =IFERROR(IF(E13="","",INDEX('Sub Master Record'!$B$4:$B$36,MATCH(E13,'Sub Master Record'!$AP$4:$AP$36,0))),"") | D13: =IFERROR(IF(E13="","",INDEX('Sub Master Record'!$J$4:$J$36,MATCH(E13,'Sub Master Record'!$AP$4:$AP$36,0))),"") | E13: =IFERROR(LARGE('Sub Master Record'!$AP$4:$AP$36,9),"") | F13: =IFERROR(IF(E13="","",INDEX('Sub Master Record'!$AQ$4:$AQ$36,MATCH(E13,'Sub Master Record'!$AP$4:$AP$36,0))),"") | G13: =IFERROR(IF(E13="","",INDEX('Sub Master Record'!$AJ$4:$AJ$36,MATCH(E13,'Sub Master Record'!$AP$4:$AP$36,0))),"")
A14: 10 | B14: =IFERROR(IF(E14="","",INDEX('Sub Master Record'!$A$4:$A$36,MATCH(E14,'Sub Master Record'!$AP$4:$AP$36,0))),"") | C14: =IFERROR(IF(E14="","",INDEX('Sub Master Record'!$B$4:$B$36,MATCH(E14,'Sub Master Record'!$AP$4:$AP$36,0))),"") | D14: =IFERROR(IF(E14="","",INDEX('Sub Master Record'!$J$4:$J$36,MATCH(E14,'Sub Master Record'!$AP$4:$AP$36,0))),"") | E14: =IFERROR(LARGE('Sub Master Record'!$AP$4:$AP$36,10),"") | F14: =IFERROR(IF(E14="","",INDEX('Sub Master Record'!$AQ$4:$AQ$36,MATCH(E14,'Sub Master Record'!$AP$4:$AP$36,0))),"") | G14: =IFERROR(IF(E14="","",INDEX('Sub Master Record'!$AJ$4:$AJ$36,MATCH(E14,'Sub Master Record'!$AP$4:$AP$36,0))),"")

Sheet Compliance Dashboard
A1: Compliance Dashboard
A2: Auto-rolled from Sub Master Record. Update that tab - this stays in sync.
A4: Roster Snapshot
A5: Total Subs in Database | E5: =COUNTA('Sub Master Record'!$B$4:$B$36)
A6: Total Approved Subs | E6: =COUNTIF('Sub Master Record'!$AR$4:$AR$36,"Yes")
A7: Total Pending Prequal | E7: =COUNTIF('Sub Master Record'!$S$4:$S$36,"Pending")
A8: Average Performance Score (Approved subs) | E8: =IFERROR(AVERAGEIFS('Sub Master Record'!$AP$4:$AP$36,'Sub Master Record'!$AR$4:$AR$36,"Yes",'Sub Master Record'!$AP$4:$AP$36,">0"),0)
A10: Risk Flags
A11: Subs with Expiring COIs (next 30 days) | E11: =SUMPRODUCT(('Sub Master Record'!$Z$4:$Z$36>=TODAY())*('Sub Master Record'!$Z$4:$Z$36<=TODAY()+30)*('Sub Master Record'!$Z$4:$Z$36<>""))
A12: Subs with Expired COIs | E12: =COUNTIF('Sub Master Record'!$Y$4:$Y$36,"Expired")+COUNTIF('Sub Master Record'!$Y$4:$Y$36,"None")
A13: Subs with Expired License | E13: =COUNTIF('Sub Master Record'!$X$4:$X$36,"Expired")
A14: Subs with EMR > 1.0 (safety concern) | E14: =COUNTIF('Sub Master Record'!$AH$4:$AH$36,">1")
A15: Inactive / Rejected Subs | E15: =COUNTIF('Sub Master Record'!$S$4:$S$36,"Inactive")+COUNTIF('Sub Master Record'!$S$4:$S$36,"Rejected")
A17: Bonding & Diversity
A18: Bonded Subs (count) | E18: =COUNTIF('Sub Master Record'!$AB$4:$AB$36,"Yes")
A19: Total Aggregate Bonding Capacity ($) | E19: =SUMIF('Sub Master Record'!$AB$4:$AB$36,"Yes",'Sub Master Record'!$AE$4:$AE$36)
A20: DBE Certified | E20: =COUNTIF('Sub Master Record'!$AF$4:$AF$36,"DBE")+COUNTIF('Sub Master Record'!$AF$4:$AF$36,"Multiple")
A21: MBE Certified | E21: =COUNTIF('Sub Master Record'!$AF$4:$AF$36,"MBE")+COUNTIF('Sub Master Record'!$AF$4:$AF$36,"Multiple")
A22: WBE Certified | E22: =COUNTIF('Sub Master Record'!$AF$4:$AF$36,"WBE")+COUNTIF('Sub Master Record'!$AF$4:$AF$36,"Multiple")

Sheet Bonding Capacity Roll-Up
A1: Bonding Capacity Roll-Up
A2: Per-sub bonding headroom. Active Project Count + Contract Value $ are summed from Work History (current year only). Available = Aggregate - Active. Subs near 0 are tapped out.
A4: Sub ID | B4: Company Name | C4: Single Project Capacity | D4: Aggregate Capacity | E4: Active Bonded Value (current yr) | F4: Available Capacity
A5: =IF('Sub Master Record'!$AB$4="Yes",'Sub Master Record'!$A$4,"") | B5: =IF('Sub Master Record'!$AB$4="Yes",'Sub Master Record'!$B$4,"") | C5: =IF('Sub Master Record'!$AB$4="Yes",'Sub Master Record'!$AD$4,"") | D5: =IF('Sub Master Record'!$AB$4="Yes",'Sub Master Record'!$AE$4,"") | E5: =IF('Sub Master Record'!$AB$4="Yes",SUMIFS('Work History'!$E$4:$E$43,'Work History'!$A$4:$A$43,'Sub Master Record'!$A$4,'Work History'!$D$4:$D$43,YEAR(TODAY())),"") | F5: =IF('Sub Master Record'!$AB$4="Yes",'Sub Master Record'!$AE$4-SUMIFS('Work History'!$E$4:$E$43,'Work History'!$A$4:$A$43,'Sub Master Record'!$A$4,'Work History'!$D$4:$D$43,YEAR(TODAY())),"")
A6: =IF('Sub Master Record'!$AB$5="Yes",'Sub Master Record'!$A$5,"") | B6: =IF('Sub Master Record'!$AB$5="Yes",'Sub Master Record'!$B$5,"") | C6: =IF('Sub Master Record'!$AB$5="Yes",'Sub Master Record'!$AD$5,"") | D6: =IF('Sub Master Record'!$AB$5="Yes",'Sub Master Record'!$AE$5,"") | E6: =IF('Sub Master Record'!$AB$5="Yes",SUMIFS('Work History'!$E$4:$E$43,'Work History'!$A$4:$A$43,'Sub Master Record'!$A$5,'Work History'!$D$4:$D$43,YEAR(TODAY())),"") | F6: =IF('Sub Master Record'!$AB$5="Yes",'Sub Master Record'!$AE$5-SUMIFS('Work History'!$E$4:$E$43,'Work History'!$A$4:$A$43,'Sub Master Record'!$A$5,'Work History'!$D$4:$D$43,YEAR(TODAY())),"")
A7: =IF('Sub Master Record'!$AB$6="Yes",'Sub Master Record'!$A$6,"") | B7: =IF('Sub Master Record'!$AB$6="Yes",'Sub Master Record'!$B$6,"") | C7: =IF('Sub Master Record'!$AB$6="Yes",'Sub Master Record'!$AD$6,"") | D7: =IF('Sub Master Record'!$AB$6="Yes",'Sub Master Record'!$AE$6,"") | E7: =IF('Sub Master Record'!$AB$6="Yes",SUMIFS('Work History'!$E$4:$E$43,'Work History'!$A$4:$A$43,'Sub Master Record'!$A$6,'Work History'!$D$4:$D$43,YEAR(TODAY())),"") | F7: =IF('Sub Master Record'!$AB$6="Yes",'Sub Master Record'!$AE$6-SUMIFS('Work History'!$E$4:$E$43,'Work History'!$A$4:$A$43,'Sub Master Record'!$A$6,'Work History'!$D$4:$D$43,YEAR(TODAY())),"")
A8: =IF('Sub Master Record'!$AB$7="Yes",'Sub Master Record'!$A$7,"") | B8: =IF('Sub Master Record'!$AB$7="Yes",'Sub Master Record'!$B$7,"") | C8: =IF('Sub Master Record'!$AB$7="Yes",'Sub Master Record'!$AD$7,"") | D8: =IF('Sub Master Record'!$AB$7="Yes",'Sub Master Record'!$AE$7,"") | E8: =IF('Sub Master Record'!$AB$7="Yes",SUMIFS('Work History'!$E$4:$E$43,'Work History'!$A$4:$A$43,'Sub Master Record'!$A$7,'Work History'!$D$4:$D$43,YEAR(TODAY())),"") | F8: =IF('Sub Master Record'!$AB$7="Yes",'Sub Master Record'!$AE$7-SUMIFS('Work History'!$E$4:$E$43,'Work History'!$A$4:$A$43,'Sub Master Record'!$A$7,'Work History'!$D$4:$D$43,YEAR(TODAY())),"")
A9: =IF('Sub Master Record'!$AB$8="Yes",'Sub Master Record'!$A$8,"") | B9: =IF('Sub Master Record'!$AB$8="Yes",'Sub Master Record'!$B$8,"") | C9: =IF('Sub Master Record'!$AB$8="Yes",'Sub Master Record'!$AD$8,"") | D9: =IF('Sub Master Record'!$AB$8="Yes",'Sub Master Record'!$AE$8,"") | E9: =IF('Sub Master Record'!$AB$8="Yes",SUMIFS('Work History'!$E$4:$E$43,'Work History'!$A$4:$A$43,'Sub Master Record'!$A$8,'Work History'!$D$4:$D$43,YEAR(TODAY())),"") | F9: =IF('Sub Master Record'!$AB$8="Yes",'Sub Master Record'!$AE$8-SUMIFS('Work History'!$E$4:$E$43,'Work History'!$A$4:$A$43,'Sub Master Record'!$A$8,'Work History'!$D$4:$D$43,YEAR(TODAY())),"")
A10: =IF('Sub Master Record'!$AB$9="Yes",'Sub Master Record'!$A$9,"") | B10: =IF('Sub Master Record'!$AB$9="Yes",'Sub Master Record'!$B$9,"") | C10: =IF('Sub Master Record'!$AB$9="Yes",'Sub Master Record'!$AD$9,"") | D10: =IF('Sub Master Record'!$AB$9="Yes",'Sub Master Record'!$AE$9,"") | E10: =IF('Sub Master Record'!$AB$9="Yes",SUMIFS('Work History'!$E$4:$E$43,'Work History'!$A$4:$A$43,'Sub Master Record'!$A$9,'Work History'!$D$4:$D$43,YEAR(TODAY())),"") | F10: =IF('Sub Master Record'!$AB$9="Yes",'Sub Master Record'!$AE$9-SUMIFS('Work History'!$E$4:$E$43,'Work History'!$A$4:$A$43,'Sub Master Record'!$A$9,'Work History'!$D$4:$D$43,YEAR(TODAY())),"")
A11: =IF('Sub Master Record'!$AB$10="Yes",'Sub Master Record'!$A$10,"") | B11: =IF('Sub Master Record'!$AB$10="Yes",'Sub Master Record'!$B$10,"") | C11: =IF('Sub Master Record'!$AB$10="Yes",'Sub Master Record'!$AD$10,"") | D11: =IF('Sub Master Record'!$AB$10="Yes",'Sub Master Record'!$AE$10,"") | E11: =IF('Sub Master Record'!$AB$10="Yes",SUMIFS('Work History'!$E$4:$E$43,'Work History'!$A$4:$A$43,'Sub Master Record'!$A$10,'Work History'!$D$4:$D$43,YEAR(TODAY())),"") | F11: =IF('Sub Master Record'!$AB$10="Yes",'Sub Master Record'!$AE$10-SUMIFS('Work History'!$E$4:$E$43,'Work History'!$A$4:$A$43,'Sub Master Record'!$A$10,'Work History'!$D$4:$D$43,YEAR(TODAY())),"")
A12: =IF('Sub Master Record'!$AB$11="Yes",'Sub Master Record'!$A$11,"") | B12: =IF('Sub Master Record'!$AB$11="Yes",'Sub Master Record'!$B$11,"") | C12: =IF('Sub Master Record'!$AB$11="Yes",'Sub Master Record'!$AD$11,"") | D12: =IF('Sub Master Record'!$AB$11="Yes",'Sub Master Record'!$AE$11,"") | E12: =IF('Sub Master Record'!$AB$11="Yes",SUMIFS('Work History'!$E$4:$E$43,'Work History'!$A$4:$A$43,'Sub Master Record'!$A$11,'Work History'!$D$4:$D$43,YEAR(TODAY())),"") | F12: =IF('Sub Master Record'!$AB$11="Yes",'Sub Master Record'!$AE$11-SUMIFS('Work History'!$E$4:$E$43,'Work History'!$A$4:$A$43,'Sub Master Record'!$A$11,'Work History'!$D$4:$D$43,YEAR(TODAY())),"")
A13: =IF('Sub Master Record'!$AB$12="Yes",'Sub Master Record'!$A$12,"") | B13: =IF('Sub Master Record'!$AB$12="Yes",'Sub Master Record'!$B$12,"") | C13: =IF('Sub Master Record'!$AB$12="Yes",'Sub Master Record'!$AD$12,"") | D13: =IF('Sub Master Record'!$AB$12="Yes",'Sub Master Record'!$AE$12,"") | E13: =IF('Sub Master Record'!$AB$12="Yes",SUMIFS('Work History'!$E$4:$E$43,'Work History'!$A$4:$A$43,'Sub Master Record'!$A$12,'Work History'!$D$4:$D$43,YEAR(TODAY())),"") | F13: =IF('Sub Master Record'!$AB$12="Yes",'Sub Master Record'!$AE$12-SUMIFS('Work History'!$E$4:$E$43,'Work History'!$A$4:$A$43,'Sub Master Record'!$A$12,'Work History'!$D$4:$D$43,YEAR(TODAY())),"")
A14: =IF('Sub Master Record'!$AB$13="Yes",'Sub Master Record'!$A$13,"") | B14: =IF('Sub Master Record'!$AB$13="Yes",'Sub Master Record'!$B$13,"") | C14: =IF('Sub Master Record'!$AB$13="Yes",'Sub Master Record'!$AD$13,"") | D14: =IF('Sub Master Record'!$AB$13="Yes",'Sub Master Record'!$AE$13,"") | E14: =IF('Sub Master Record'!$AB$13="Yes",SUMIFS('Work History'!$E$4:$E$43,'Work History'!$A$4:$A$43,'Sub Master Record'!$A$13,'Work History'!$D$4:$D$43,YEAR(TODAY())),"") | F14: =IF('Sub Master Record'!$AB$13="Yes",'Sub Master Record'!$AE$13-SUMIFS('Work History'!$E$4:$E$43,'Work History'!$A$4:$A$43,'Sub Master Record'!$A$13,'Work History'!$D$4:$D$43,YEAR(TODAY())),"")
A15: =IF('Sub Master Record'!$AB$14="Yes",'Sub Master Record'!$A$14,"") | B15: =IF('Sub Master Record'!$AB$14="Yes",'Sub Master Record'!$B$14,"") | C15: =IF('Sub Master Record'!$AB$14="Yes",'Sub Master Record'!$AD$14,"") | D15: =IF('Sub Master Record'!$AB$14="Yes",'Sub Master Record'!$AE$14,"") | E15: =IF('Sub Master Record'!$AB$14="Yes",SUMIFS('Work History'!$E$4:$E$43,'Work History'!$A$4:$A$43,'Sub Master Record'!$A$14,'Work History'!$D$4:$D$43,YEAR(TODAY())),"") | F15: =IF('Sub Master Record'!$AB$14="Yes",'Sub Master Record'!$AE$14-SUMIFS('Work History'!$E$4:$E$43,'Work History'!$A$4:$A$43,'Sub Master Record'!$A$14,'Work History'!$D$4:$D$43,YEAR(TODAY())),"")
A16: =IF('Sub Master Record'!$AB$15="Yes",'Sub Master Record'!$A$15,"") | B16: =IF('Sub Master Record'!$AB$15="Yes",'Sub Master Record'!$B$15,"") | C16: =IF('Sub Master Record'!$AB$15="Yes",'Sub Master Record'!$AD$15,"") | D16: =IF('Sub Master Record'!$AB$15="Yes",'Sub Master Record'!$AE$15,"") | E16: =IF('Sub Master Record'!$AB$15="Yes",SUMIFS('Work History'!$E$4:$E$43,'Work History'!$A$4:$A$43,'Sub Master Record'!$A$15,'Work History'!$D$4:$D$43,YEAR(TODAY())),"") | F16: =IF('Sub Master Record'!$AB$15="Yes",'Sub Master Record'!$AE$15-SUMIFS('Work History'!$E$4:$E$43,'Work History'!$A$4:$A$43,'Sub Master Record'!$A$15,'Work History'!$D$4:$D$43,YEAR(TODAY())),"")
A17: =IF('Sub Master Record'!$AB$16="Yes",'Sub Master Record'!$A$16,"") | B17: =IF('Sub Master Record'!$AB$16="Yes",'Sub Master Record'!$B$16,"") | C17: =IF('Sub Master Record'!$AB$16="Yes",'Sub Master Record'!$AD$16,"") | D17: =IF('Sub Master Record'!$AB$16="Yes",'Sub Master Record'!$AE$16,"") | E17: =IF('Sub Master Record'!$AB$16="Yes",SUMIFS('Work History'!$E$4:$E$43,'Work History'!$A$4:$A$43,'Sub Master Record'!$A$16,'Work History'!$D$4:$D$43,YEAR(TODAY())),"") | F17: =IF('Sub Master Record'!$AB$16="Yes",'Sub Master Record'!$AE$16-SUMIFS('Work History'!$E$4:$E$43,'Work History'!$A$4:$A$43,'Sub Master Record'!$A$16,'Work History'!$D$4:$D$43,YEAR(TODAY())),"")
A18: =IF('Sub Master Record'!$AB$17="Yes",'Sub Master Record'!$A$17,"") | B18: =IF('Sub Master Record'!$AB$17="Yes",'Sub Master Record'!$B$17,"") | C18: =IF('Sub Master Record'!$AB$17="Yes",'Sub Master Record'!$AD$17,"") | D18: =IF('Sub Master Record'!$AB$17="Yes",'Sub Master Record'!$AE$17,"") | E18: =IF('Sub Master Record'!$AB$17="Yes",SUMIFS('Work History'!$E$4:$E$43,'Work History'!$A$4:$A$43,'Sub Master Record'!$A$17,'Work History'!$D$4:$D$43,YEAR(TODAY())),"") | F18: =IF('Sub Master Record'!$AB$17="Yes",'Sub Master Record'!$AE$17-SUMIFS('Work History'!$E$4:$E$43,'Work History'!$A$4:$A$43,'Sub Master Record'!$A$17,'Work History'!$D$4:$D$43,YEAR(TODAY())),"")
A19: =IF('Sub Master Record'!$AB$18="Yes",'Sub Master Record'!$A$18,"") | B19: =IF('Sub Master Record'!$AB$18="Yes",'Sub Master Record'!$B$18,"") | C19: =IF('Sub Master Record'!$AB$18="Yes",'Sub Master Record'!$AD$18,"") | D19: =IF('Sub Master Record'!$AB$18="Yes",'Sub Master Record'!$AE$18,"") | E19: =IF('Sub Master Record'!$AB$18="Yes",SUMIFS('Work History'!$E$4:$E$43,'Work History'!$A$4:$A$43,'Sub Master Record'!$A$18,'Work History'!$D$4:$D$43,YEAR(TODAY())),"") | F19: =IF('Sub Master Record'!$AB$18="Yes",'Sub Master Record'!$AE$18-SUMIFS('Work History'!$E$4:$E$43,'Work History'!$A$4:$A$43,'Sub Master Record'!$A$18,'Work History'!$D$4:$D$43,YEAR(TODAY())),"")
A20: =IF('Sub Master Record'!$AB$19="Yes",'Sub Master Record'!$A$19,"") | B20: =IF('Sub Master Record'!$AB$19="Yes",'Sub Master Record'!$B$19,"") | C20: =IF('Sub Master Record'!$AB$19="Yes",'Sub Master Record'!$AD$19,"") | D20: =IF('Sub Master Record'!$AB$19="Yes",'Sub Master Record'!$AE$19,"") | E20: =IF('Sub Master Record'!$AB$19="Yes",SUMIFS('Work History'!$E$4:$E$43,'Work History'!$A$4:$A$43,'Sub Master Record'!$A$19,'Work History'!$D$4:$D$43,YEAR(TODAY())),"") | F20: =IF('Sub Master Record'!$AB$19="Yes",'Sub Master Record'!$AE$19-SUMIFS('Work History'!$E$4:$E$43,'Work History'!$A$4:$A$43,'Sub Master Record'!$A$19,'Work History'!$D$4:$D$43,YEAR(TODAY())),"")
A21: =IF('Sub Master Record'!$AB$20="Yes",'Sub Master Record'!$A$20,"") | B21: =IF('Sub Master Record'!$AB$20="Yes",'Sub Master Record'!$B$20,"") | C21: =IF('Sub Master Record'!$AB$20="Yes",'Sub Master Record'!$AD$20,"") | D21: =IF('Sub Master Record'!$AB$20="Yes",'Sub Master Record'!$AE$20,"") | E21: =IF('Sub Master Record'!$AB$20="Yes",SUMIFS('Work History'!$E$4:$E$43,'Work History'!$A$4:$A$43,'Sub Master Record'!$A$20,'Work History'!$D$4:$D$43,YEAR(TODAY())),"") | F21: =IF('Sub Master Record'!$AB$20="Yes",'Sub Master Record'!$AE$20-SUMIFS('Work History'!$E$4:$E$43,'Work History'!$A$4:$A$43,'Sub Master Record'!$A$20,'Work History'!$D$4:$D$43,YEAR(TODAY())),"")
A22: =IF('Sub Master Record'!$AB$21="Yes",'Sub Master Record'!$A$21,"") | B22: =IF('Sub Master Record'!$AB$21="Yes",'Sub Master Record'!$B$21,"") | C22: =IF('Sub Master Record'!$AB$21="Yes",'Sub Master Record'!$AD$21,"") | D22: =IF('Sub Master Record'!$AB$21="Yes",'Sub Master Record'!$AE$21,"") | E22: =IF('Sub Master Record'!$AB$21="Yes",SUMIFS('Work History'!$E$4:$E$43,'Work History'!$A$4:$A$43,'Sub Master Record'!$A$21,'Work History'!$D$4:$D$43,YEAR(TODAY())),"") | F22: =IF('Sub Master Record'!$AB$21="Yes",'Sub Master Record'!$AE$21-SUMIFS('Work History'!$E$4:$E$43,'Work History'!$A$4:$A$43,'Sub Master Record'!$A$21,'Work History'!$D$4:$D$43,YEAR(TODAY())),"")
A23: =IF('Sub Master Record'!$AB$22="Yes",'Sub Master Record'!$A$22,"") | B23: =IF('Sub Master Record'!$AB$22="Yes",'Sub Master Record'!$B$22,"") | C23: =IF('Sub Master Record'!$AB$22="Yes",'Sub Master Record'!$AD$22,"") | D23: =IF('Sub Master Record'!$AB$22="Yes",'Sub Master Record'!$AE$22,"") | E23: =IF('Sub Master Record'!$AB$22="Yes",SUMIFS('Work History'!$E$4:$E$43,'Work History'!$A$4:$A$43,'Sub Master Record'!$A$22,'Work History'!$D$4:$D$43,YEAR(TODAY())),"") | F23: =IF('Sub Master Record'!$AB$22="Yes",'Sub Master Record'!$AE$22-SUMIFS('Work History'!$E$4:$E$43,'Work History'!$A$4:$A$43,'Sub Master Record'!$A$22,'Work History'!$D$4:$D$43,YEAR(TODAY())),"")
A24: =IF('Sub Master Record'!$AB$23="Yes",'Sub Master Record'!$A$23,"") | B24: =IF('Sub Master Record'!$AB$23="Yes",'Sub Master Record'!$B$23,"") | C24: =IF('Sub Master Record'!$AB$23="Yes",'Sub Master Record'!$AD$23,"") | D24: =IF('Sub Master Record'!$AB$23="Yes",'Sub Master Record'!$AE$23,"") | E24: =IF('Sub Master Record'!$AB$23="Yes",SUMIFS('Work History'!$E$4:$E$43,'Work History'!$A$4:$A$43,'Sub Master Record'!$A$23,'Work History'!$D$4:$D$43,YEAR(TODAY())),"") | F24: =IF('Sub Master Record'!$AB$23="Yes",'Sub Master Record'!$AE$23-SUMIFS('Work History'!$E$4:$E$43,'Work History'!$A$4:$A$43,'Sub Master Record'!$A$23,'Work History'!$D$4:$D$43,YEAR(TODAY())),"")
A25: =IF('Sub Master Record'!$AB$24="Yes",'Sub Master Record'!$A$24,"") | B25: =IF('Sub Master Record'!$AB$24="Yes",'Sub Master Record'!$B$24,"") | C25: =IF('Sub Master Record'!$AB$24="Yes",'Sub Master Record'!$AD$24,"") | D25: =IF('Sub Master Record'!$AB$24="Yes",'Sub Master Record'!$AE$24,"") | E25: =IF('Sub Master Record'!$AB$24="Yes",SUMIFS('Work History'!$E$4:$E$43,'Work History'!$A$4:$A$43,'Sub Master Record'!$A$24,'Work History'!$D$4:$D$43,YEAR(TODAY())),"") | F25: =IF('Sub Master Record'!$AB$24="Yes",'Sub Master Record'!$AE$24-SUMIFS('Work History'!$E$4:$E$43,'Work History'!$A$4:$A$43,'Sub Master Record'!$A$24,'Work History'!$D$4:$D$43,YEAR(TODAY())),"")
A26: =IF('Sub Master Record'!$AB$25="Yes",'Sub Master Record'!$A$25,"") | B26: =IF('Sub Master Record'!$AB$25="Yes",'Sub Master Record'!$B$25,"") | C26: =IF('Sub Master Record'!$AB$25="Yes",'Sub Master Record'!$AD$25,"") | D26: =IF('Sub Master Record'!$AB$25="Yes",'Sub Master Record'!$AE$25,"") | E26: =IF('Sub Master Record'!$AB$25="Yes",SUMIFS('Work History'!$E$4:$E$43,'Work History'!$A$4:$A$43,'Sub Master Record'!$A$25,'Work History'!$D$4:$D$43,YEAR(TODAY())),"") | F26: =IF('Sub Master Record'!$AB$25="Yes",'Sub Master Record'!$AE$25-SUMIFS('Work History'!$E$4:$E$43,'Work History'!$A$4:$A$43,'Sub Master Record'!$A$25,'Work History'!$D$4:$D$43,YEAR(TODAY())),"")
A27: =IF('Sub Master Record'!$AB$26="Yes",'Sub Master Record'!$A$26,"") | B27: =IF('Sub Master Record'!$AB$26="Yes",'Sub Master Record'!$B$26,"") | C27: =IF('Sub Master Record'!$AB$26="Yes",'Sub Master Record'!$AD$26,"") | D27: =IF('Sub Master Record'!$AB$26="Yes",'Sub Master Record'!$AE$26,"") | E27: =IF('Sub Master Record'!$AB$26="Yes",SUMIFS('Work History'!$E$4:$E$43,'Work History'!$A$4:$A$43,'Sub Master Record'!$A$26,'Work History'!$D$4:$D$43,YEAR(TODAY())),"") | F27: =IF('Sub Master Record'!$AB$26="Yes",'Sub Master Record'!$AE$26-SUMIFS('Work History'!$E$4:$E$43,'Work History'!$A$4:$A$43,'Sub Master Record'!$A$26,'Work History'!$D$4:$D$43,YEAR(TODAY())),"")
A28: =IF('Sub Master Record'!$AB$27="Yes",'Sub Master Record'!$A$27,"") | B28: =IF('Sub Master Record'!$AB$27="Yes",'Sub Master Record'!$B$27,"") | C28: =IF('Sub Master Record'!$AB$27="Yes",'Sub Master Record'!$AD$27,"") | D28: =IF('Sub Master Record'!$AB$27="Yes",'Sub Master Record'!$AE$27,"") | E28: =IF('Sub Master Record'!$AB$27="Yes",SUMIFS('Work History'!$E$4:$E$43,'Work History'!$A$4:$A$43,'Sub Master Record'!$A$27,'Work History'!$D$4:$D$43,YEAR(TODAY())),"") | F28: =IF('Sub Master Record'!$AB$27="Yes",'Sub Master Record'!$AE$27-SUMIFS('Work History'!$E$4:$E$43,'Work History'!$A$4:$A$43,'Sub Master Record'!$A$27,'Work History'!$D$4:$D$43,YEAR(TODAY())),"")
A29: =IF('Sub Master Record'!$AB$28="Yes",'Sub Master Record'!$A$28,"") | B29: =IF('Sub Master Record'!$AB$28="Yes",'Sub Master Record'!$B$28,"") | C29: =IF('Sub Master Record'!$AB$28="Yes",'Sub Master Record'!$AD$28,"") | D29: =IF('Sub Master Record'!$AB$28="Yes",'Sub Master Record'!$AE$28,"") | E29: =IF('Sub Master Record'!$AB$28="Yes",SUMIFS('Work History'!$E$4:$E$43,'Work History'!$A$4:$A$43,'Sub Master Record'!$A$28,'Work History'!$D$4:$D$43,YEAR(TODAY())),"") | F29: =IF('Sub Master Record'!$AB$28="Yes",'Sub Master Record'!$AE$28-SUMIFS('Work History'!$E$4:$E$43,'Work History'!$A$4:$A$43,'Sub Master Record'!$A$28,'Work History'!$D$4:$D$43,YEAR(TODAY())),"")
A30: =IF('Sub Master Record'!$AB$29="Yes",'Sub Master Record'!$A$29,"") | B30: =IF('Sub Master Record'!$AB$29="Yes",'Sub Master Record'!$B$29,"") | C30: =IF('Sub Master Record'!$AB$29="Yes",'Sub Master Record'!$AD$29,"") | D30: =IF('Sub Master Record'!$AB$29="Yes",'Sub Master Record'!$AE$29,"") | E30: =IF('Sub Master Record'!$AB$29="Yes",SUMIFS('Work History'!$E$4:$E$43,'Work History'!$A$4:$A$43,'Sub Master Record'!$A$29,'Work History'!$D$4:$D$43,YEAR(TODAY())),"") | F30: =IF('Sub Master Record'!$AB$29="Yes",'Sub Master Record'!$AE$29-SUMIFS('Work History'!$E$4:$E$43,'Work History'!$A$4:$A$43,'Sub Master Record'!$A$29,'Work History'!$D$4:$D$43,YEAR(TODAY())),"")
A31: =IF('Sub Master Record'!$AB$30="Yes",'Sub Master Record'!$A$30,"") | B31: =IF('Sub Master Record'!$AB$30="Yes",'Sub Master Record'!$B$30,"") | C31: =IF('Sub Master Record'!$AB$30="Yes",'Sub Master Record'!$AD$30,"") | D31: =IF('Sub Master Record'!$AB$30="Yes",'Sub Master Record'!$AE$30,"") | E31: =IF('Sub Master Record'!$AB$30="Yes",SUMIFS('Work History'!$E$4:$E$43,'Work History'!$A$4:$A$43,'Sub Master Record'!$A$30,'Work History'!$D$4:$D$43,YEAR(TODAY())),"") | F31: =IF('Sub Master Record'!$AB$30="Yes",'Sub Master Record'!$AE$30-SUMIFS('Work History'!$E$4:$E$43,'Work History'!$A$4:$A$43,'Sub Master Record'!$A$30,'Work History'!$D$4:$D$43,YEAR(TODAY())),"")
A32: =IF('Sub Master Record'!$AB$31="Yes",'Sub Master Record'!$A$31,"") | B32: =IF('Sub Master Record'!$AB$31="Yes",'Sub Master Record'!$B$31,"") | C32: =IF('Sub Master Record'!$AB$31="Yes",'Sub Master Record'!$AD$31,"") | D32: =IF('Sub Master Record'!$AB$31="Yes",'Sub Master Record'!$AE$31,"") | E32: =IF('Sub Master Record'!$AB$31="Yes",SUMIFS('Work History'!$E$4:$E$43,'Work History'!$A$4:$A$43,'Sub Master Record'!$A$31,'Work History'!$D$4:$D$43,YEAR(TODAY())),"") | F32: =IF('Sub Master Record'!$AB$31="Yes",'Sub Master Record'!$AE$31-SUMIFS('Work History'!$E$4:$E$43,'Work History'!$A$4:$A$43,'Sub Master Record'!$A$31,'Work History'!$D$4:$D$43,YEAR(TODAY())),"")
A33: =IF('Sub Master Record'!$AB$32="Yes",'Sub Master Record'!$A$32,"") | B33: =IF('Sub Master Record'!$AB$32="Yes",'Sub Master Record'!$B$32,"") | C33: =IF('Sub Master Record'!$AB$32="Yes",'Sub Master Record'!$AD$32,"") | D33: =IF('Sub Master Record'!$AB$32="Yes",'Sub Master Record'!$AE$32,"") | E33: =IF('Sub Master Record'!$AB$32="Yes",SUMIFS('Work History'!$E$4:$E$43,'Work History'!$A$4:$A$43,'Sub Master Record'!$A$32,'Work History'!$D$4:$D$43,YEAR(TODAY())),"") | F33: =IF('Sub Master Record'!$AB$32="Yes",'Sub Master Record'!$AE$32-SUMIFS('Work History'!$E$4:$E$43,'Work History'!$A$4:$A$43,'Sub Master Record'!$A$32,'Work History'!$D$4:$D$43,YEAR(TODAY())),"")
A34: =IF('Sub Master Record'!$AB$33="Yes",'Sub Master Record'!$A$33,"") | B34: =IF('Sub Master Record'!$AB$33="Yes",'Sub Master Record'!$B$33,"") | C34: =IF('Sub Master Record'!$AB$33="Yes",'Sub Master Record'!$AD$33,"") | D34: =IF('Sub Master Record'!$AB$33="Yes",'Sub Master Record'!$AE$33,"") | E34: =IF('Sub Master Record'!$AB$33="Yes",SUMIFS('Work History'!$E$4:$E$43,'Work History'!$A$4:$A$43,'Sub Master Record'!$A$33,'Work History'!$D$4:$D$43,YEAR(TODAY())),"") | F34: =IF('Sub Master Record'!$AB$33="Yes",'Sub Master Record'!$AE$33-SUMIFS('Work History'!$E$4:$E$43,'Work History'!$A$4:$A$43,'Sub Master Record'!$A$33,'Work History'!$D$4:$D$43,YEAR(TODAY())),"")
A35: =IF('Sub Master Record'!$AB$34="Yes",'Sub Master Record'!$A$34,"") | B35: =IF('Sub Master Record'!$AB$34="Yes",'Sub Master Record'!$B$34,"") | C35: =IF('Sub Master Record'!$AB$34="Yes",'Sub Master Record'!$AD$34,"") | D35: =IF('Sub Master Record'!$AB$34="Yes",'Sub Master Record'!$AE$34,"") | E35: =IF('Sub Master Record'!$AB$34="Yes",SUMIFS('Work History'!$E$4:$E$43,'Work History'!$A$4:$A$43,'Sub Master Record'!$A$34,'Work History'!$D$4:$D$43,YEAR(TODAY())),"") | F35: =IF('Sub Master Record'!$AB$34="Yes",'Sub Master Record'!$AE$34-SUMIFS('Work History'!$E$4:$E$43,'Work History'!$A$4:$A$43,'Sub Master Record'!$A$34,'Work History'!$D$4:$D$43,YEAR(TODAY())),"")
A36: =IF('Sub Master Record'!$AB$35="Yes",'Sub Master Record'!$A$35,"") | B36: =IF('Sub Master Record'!$AB$35="Yes",'Sub Master Record'!$B$35,"") | C36: =IF('Sub Master Record'!$AB$35="Yes",'Sub Master Record'!$AD$35,"") | D36: =IF('Sub Master Record'!$AB$35="Yes",'Sub Master Record'!$AE$35,"") | E36: =IF('Sub Master Record'!$AB$35="Yes",SUMIFS('Work History'!$E$4:$E$43,'Work History'!$A$4:$A$43,'Sub Master Record'!$A$35,'Work History'!$D$4:$D$43,YEAR(TODAY())),"") | F36: =IF('Sub Master Record'!$AB$35="Yes",'Sub Master Record'!$AE$35-SUMIFS('Work History'!$E$4:$E$43,'Work History'!$A$4:$A$43,'Sub Master Record'!$A$35,'Work History'!$D$4:$D$43,YEAR(TODAY())),"")
A37: =IF('Sub Master Record'!$AB$36="Yes",'Sub Master Record'!$A$36,"") | B37: =IF('Sub Master Record'!$AB$36="Yes",'Sub Master Record'!$B$36,"") | C37: =IF('Sub Master Record'!$AB$36="Yes",'Sub Master Record'!$AD$36,"") | D37: =IF('Sub Master Record'!$AB$36="Yes",'Sub Master Record'!$AE$36,"") | E37: =IF('Sub Master Record'!$AB$36="Yes",SUMIFS('Work History'!$E$4:$E$43,'Work History'!$A$4:$A$43,'Sub Master Record'!$A$36,'Work History'!$D$4:$D$43,YEAR(TODAY())),"") | F37: =IF('Sub Master Record'!$AB$36="Yes",'Sub Master Record'!$AE$36-SUMIFS('Work History'!$E$4:$E$43,'Work History'!$A$4:$A$43,'Sub Master Record'!$A$36,'Work History'!$D$4:$D$43,YEAR(TODAY())),"")

Sheet Trade Distribution
A1: Trade Distribution
A2: Per-trade roll-up: total in database, count approved, and average performance score. Pulls live from Sub Master Record.
A4: Trade | B4: Total Count | C4: Approved Count | D4: Avg Performance Score
A5: General | B5: =COUNTIF('Sub Master Record'!$J$4:$J$36,A5) | C5: =COUNTIFS('Sub Master Record'!$J$4:$J$36,A5,'Sub Master Record'!$AR$4:$AR$36,"Yes") | D5: =IFERROR(AVERAGEIFS('Sub Master Record'!$AP$4:$AP$36,'Sub Master Record'!$J$4:$J$36,A5,'Sub Master Record'!$AP$4:$AP$36,">0"),0)
A6: Mechanical | B6: =COUNTIF('Sub Master Record'!$J$4:$J$36,A6) | C6: =COUNTIFS('Sub Master Record'!$J$4:$J$36,A6,'Sub Master Record'!$AR$4:$AR$36,"Yes") | D6: =IFERROR(AVERAGEIFS('Sub Master Record'!$AP$4:$AP$36,'Sub Master Record'!$J$4:$J$36,A6,'Sub Master Record'!$AP$4:$AP$36,">0"),0)
A7: Electrical | B7: =COUNTIF('Sub Master Record'!$J$4:$J$36,A7) | C7: =COUNTIFS('Sub Master Record'!$J$4:$J$36,A7,'Sub Master Record'!$AR$4:$AR$36,"Yes") | D7: =IFERROR(AVERAGEIFS('Sub Master Record'!$AP$4:$AP$36,'Sub Master Record'!$J$4:$J$36,A7,'Sub Master Record'!$AP$4:$AP$36,">0"),0)
A8: Plumbing | B8: =COUNTIF('Sub Master Record'!$J$4:$J$36,A8) | C8: =COUNTIFS('Sub Master Record'!$J$4:$J$36,A8,'Sub Master Record'!$AR$4:$AR$36,"Yes") | D8: =IFERROR(AVERAGEIFS('Sub Master Record'!$AP$4:$AP$36,'Sub Master Record'!$J$4:$J$36,A8,'Sub Master Record'!$AP$4:$AP$36,">0"),0)
A9: Structural Steel | B9: =COUNTIF('Sub Master Record'!$J$4:$J$36,A9) | C9: =COUNTIFS('Sub Master Record'!$J$4:$J$36,A9,'Sub Master Record'!$AR$4:$AR$36,"Yes") | D9: =IFERROR(AVERAGEIFS('Sub Master Record'!$AP$4:$AP$36,'Sub Master Record'!$J$4:$J$36,A9,'Sub Master Record'!$AP$4:$AP$36,">0"),0)
A10: HVAC | B10: =COUNTIF('Sub Master Record'!$J$4:$J$36,A10) | C10: =COUNTIFS('Sub Master Record'!$J$4:$J$36,A10,'Sub Master Record'!$AR$4:$AR$36,"Yes") | D10: =IFERROR(AVERAGEIFS('Sub Master Record'!$AP$4:$AP$36,'Sub Master Record'!$J$4:$J$36,A10,'Sub Master Record'!$AP$4:$AP$36,">0"),0)
A11: Roofing | B11: =COUNTIF('Sub Master Record'!$J$4:$J$36,A11) | C11: =COUNTIFS('Sub Master Record'!$J$4:$J$36,A11,'Sub Master Record'!$AR$4:$AR$36,"Yes") | D11: =IFERROR(AVERAGEIFS('Sub Master Record'!$AP$4:$AP$36,'Sub Master Record'!$J$4:$J$36,A11,'Sub Master Record'!$AP$4:$AP$36,">0"),0)
A12: Concrete | B12: =COUNTIF('Sub Master Record'!$J$4:$J$36,A12) | C12: =COUNTIFS('Sub Master Record'!$J$4:$J$36,A12,'Sub Master Record'!$AR$4:$AR$36,"Yes") | D12: =IFERROR(AVERAGEIFS('Sub Master Record'!$AP$4:$AP$36,'Sub Master Record'!$J$4:$J$36,A12,'Sub Master Record'!$AP$4:$AP$36,">0"),0)
A13: Masonry | B13: =COUNTIF('Sub Master Record'!$J$4:$J$36,A13) | C13: =COUNTIFS('Sub Master Record'!$J$4:$J$36,A13,'Sub Master Record'!$AR$4:$AR$36,"Yes") | D13: =IFERROR(AVERAGEIFS('Sub Master Record'!$AP$4:$AP$36,'Sub Master Record'!$J$4:$J$36,A13,'Sub Master Record'!$AP$4:$AP$36,">0"),0)
A14: Drywall | B14: =COUNTIF('Sub Master Record'!$J$4:$J$36,A14) | C14: =COUNTIFS('Sub Master Record'!$J$4:$J$36,A14,'Sub Master Record'!$AR$4:$AR$36,"Yes") | D14: =IFERROR(AVERAGEIFS('Sub Master Record'!$AP$4:$AP$36,'Sub Master Record'!$J$4:$J$36,A14,'Sub Master Record'!$AP$4:$AP$36,">0"),0)
A15: Flooring | B15: =COUNTIF('Sub Master Record'!$J$4:$J$36,A15) | C15: =COUNTIFS('Sub Master Record'!$J$4:$J$36,A15,'Sub Master Record'!$AR$4:$AR$36,"Yes") | D15: =IFERROR(AVERAGEIFS('Sub Master Record'!$AP$4:$AP$36,'Sub Master Record'!$J$4:$J$36,A15,'Sub Master Record'!$AP$4:$AP$36,">0"),0)
A16: Painting | B16: =COUNTIF('Sub Master Record'!$J$4:$J$36,A16) | C16: =COUNTIFS('Sub Master Record'!$J$4:$J$36,A16,'Sub Master Record'!$AR$4:$AR$36,"Yes") | D16: =IFERROR(AVERAGEIFS('Sub Master Record'!$AP$4:$AP$36,'Sub Master Record'!$J$4:$J$36,A16,'Sub Master Record'!$AP$4:$AP$36,">0"),0)
... A19: Other | B19: =COUNTIF('Sub Master Record'!$J$4:$J$36,A19) | C19: =COUNTIFS('Sub Master Record'!$J$4:$J$36,A19,'Sub Master Record'!$AR$4:$AR$36,"Yes") | D19: =IFERROR(AVERAGEIFS('Sub Master Record'!$AP$4:$AP$36,'Sub Master Record'!$J$4:$J$36,A19,'Sub Master Record'!$AP$4:$AP$36,">0"),0)
A21: TOTALS | B21: =SUM(B5:B19) | C21: =SUM(C5:C19) | D21: =IFERROR(AVERAGEIFS('Sub Master Record'!$AP$4:$AP$36,'Sub Master Record'!$AP$4:$AP$36,">0"),0)

Sheet CSI Reference
A1: CSI MasterFormat Division Reference
A2: Canonical list - do not edit. Feeds the CSI Division dropdown and VLOOKUPs in Sub Master Record.
A3: CSI Division | B3: Division Name
A4: 01 | B4: General Requirements
A5: 02 | B5: Existing Conditions
A6: 03 | B6: Concrete
A7: 04 | B7: Masonry
A8: 05 | B8: Metals
A9: 06 | B9: Wood, Plastics, and Composites
A10: 07 | B10: Thermal and Moisture Protection
A11: 08 | B11: Openings
A12: 09 | B12: Finishes
A13: 10 | B13: Specialties
A14: 11 | B14: Equipment
... A38: 49 | B38: Reserved
