Workbook
Name CSI_Divisions: 'CSI Reference'!$A$4:$A$38
Name CSI_Table: 'CSI Reference'!$A$4:$B$38

Sheet Instructions
B2: ContrPro - Subcontractor Tracker
B3: Your master list of subs - who they are, what they do, and whether their paperwork is current. Professional tier (entry).
B5: What this workbook is
B6: Four tabs you use, one hidden lookup. Subcontractor Master List is where every sub lives - contact info, trade, license, COI, W9. Trade Summary rolls them up by trade. Dashboard shows totals and compliance flags at a glance. CSI Reference is a hidden canonical list - leave it alone.
B7: This is the LEAN version. Track who you work with and confirm their paperwork is current. Nothing more. The Pro version handles prequalification, performance scoring, and work history.
B9: What to track (minimum)
B10: Contact - Company, primary contact, phone, email, address. Email and phone are the two you actually use, but address matters for W9 / 1099 prep at year-end.
B11: Trade - The trade dropdown (General, Mechanical, Electrical, etc.) is your filter. CSI Division pulls the canonical 2-digit code; Division Name auto-fills via VLOOKUP.
B12: Compliance - License #, License State, License Status (Active/Expired/Pending/Unknown), COI on File, W9 on File. These are the three rows you check before the sub steps on site.
B13: Preferred - Yes / No / Reserved. 'Reserved' means in your rotation but only for specific scopes.
B14: Last Used Date - When you last sent them a PO or pay app. Anyone with no entry inside 12 months should be re-verified before re-awarding.
B16: Before you award - the 3-check rule
... B57: ContrPro - built for builders. Questions: support@contrpro.com

Sheet Subcontractor Master List
A1: Subcontractor Master List
A3: Company Name | B3: Primary Contact | C3: Phone | D3: Email | E3: Address | F3: Trade | G3: CSI Division | H3: CSI Code | I3: Division Name | J3: License Number | K3: License State | L3: License Status | M3: COI on File? | N3: W9 on File? | O3: Preferred? | P3: Last Used Date | Q3: Notes
A4: EXAMPLE - Pacific Steel Erectors | B4: Marcus Reyes | C4: (555) 213-8842 | D4: marcus@pacificsteel.example | E4: 1240 Industrial Way, Tacoma WA 98421 | F4: Structural Steel | G4: 05 | H4: 05 12 00 | I4: =IFERROR(VLOOKUP(G4,CSI_Table,2,FALSE),"") | J4: WA-CTR-104882 | K4: WA | L4: Active | M4: Yes | N4: Yes | O4: Yes | P4: 2026-04-12 | Q4: Solid steel erection crew. Used on Riverside Office Bldg. COI thru 2026-09-30. Preferred for steel >50 tons.
A5: EXAMPLE - Apex Plumbing & Mechanical | B5: Dana Whitfield | C5: (555) 661-0034 | D5: dana@apexpm.example | E5: 5612 Service Rd, Portland OR 97211 | F5: Plumbing | G5: 22 | H5: 22 10 00 | I5: =IFERROR(VLOOKUP(G5,CSI_Table,2,FALSE),"") | J5: OR-PLB-77231 | K5: OR | L5: Active | M5: Yes | N5: Yes | O5: Yes | P5: 2026-05-02 | Q5: Apex handles plumbing rough-in and fixtures. Estimator: Dana. COI thru 2026-12-31. Pay app cadence is monthly.
A6: EXAMPLE - Bayside Electric LLC | B6: Renee Hu | C6: (555) 408-2917 | D6: renee@baysideelec.example | E6: 888 Harbor Blvd, Oakland CA 94606 | F6: Electrical | G6: 26 | H6: 26 50 00 | I6: =IFERROR(VLOOKUP(G6,CSI_Table,2,FALSE),"") | J6: CA-C10-1004821 | K6: CA | L6: Active | M6: Expired | N6: Yes | O6: No | P6: 2026-02-12 | Q6: RISK: COI expired 2026-04-30. Pending renewed cert before any new awards. Quality is fine, paperwork is slow.
A7: EXAMPLE - North Cascade HVAC | B7: Sam Petrov | C7: (555) 920-4477 | D7: sam@ncascadehvac.example | E7: 201 Mountain View Dr, Bellingham WA 98225 | F7: HVAC | G7: 23 | H7: 23 30 00 | I7: =IFERROR(VLOOKUP(G7,CSI_Table,2,FALSE),"") | J7: WA-MEC-55619 | K7: WA | L7: Active | M7: Yes | N7: Yes | O7: Yes | P7: 2026-03-22 | Q7: Preferred HVAC. Strong on VAV controls. Owner-rep approved on Riverside and Pinnacle.
A8: EXAMPLE - Granite West Concrete | B8: Tomas Okafor | C8: (555) 717-3360 | D8: tomas@granitewest.example | E8: 3300 Plant Rd, Spokane WA 99202 | F8: Concrete | G8: 03 | H8: 03 30 00 | I8: =IFERROR(VLOOKUP(G8,CSI_Table,2,FALSE),"") | J8: WA-CON-88914 | K8: WA | L8: Active | M8: Yes | N8: Yes | O8: No | P8: 2026-01-18 | Q8: Used on small slab pours. Bigger pours we move to GraniteCore. Pricing is fair, scheduling is the friction.
A9: EXAMPLE - Cornerstone Masonry | B9: Lila Bennett | C9: (555) 332-5511 | D9: lila@cornermason.example | E9: 44 Brick Yard Ln, Boise ID 83702 | F9: Masonry | G9: 04 | H9: 04 20 00 | I9: =IFERROR(VLOOKUP(G9,CSI_Table,2,FALSE),"") | J9: ID-MSN-21908 | K9: ID | L9: Pending | M9: Yes | N9: No | O9: Reserved | Q9: License renewal pending with state - confirm before award. W9 not received. New relationship, no work assigned yet.
A10: EXAMPLE - Skyline Roofing Co | B10: Jorge Alvarez | C10: (555) 224-6611 | D10: jorge@skylineroof.example | E10: 1101 Industrial Pkwy, Reno NV 89502 | F10: Roofing | G10: 07 | H10: 07 50 00 | I10: =IFERROR(VLOOKUP(G10,CSI_Table,2,FALSE),"") | J10: NV-ROOF-44520 | K10: NV | L10: Active | M10: Yes | N10: Yes | O10: Yes | P10: 2026-04-19 | Q10: TPO and modified bit. Did the wind-event membrane repair on Riverside. Responsive in emergencies, premium pricing.
A11: EXAMPLE - Allied Drywall & Finishes | B11: Kim Park | C11: (555) 559-2218 | D11: kim@allieddrywall.example | E11: 78 Trade Center Dr, Seattle WA 98108 | F11: Drywall | G11: 09 | H11: 09 29 00 | I11: =IFERROR(VLOOKUP(G11,CSI_Table,2,FALSE),"") | J11: WA-CTR-203847 | K11: WA | L11: Unknown | M11: No | N11: Yes | O11: No | P11: 2025-11-04 | Q11: Used 6 months ago. License status unknown - need to verify with L&I before next award. No current COI on file.
I12: =IFERROR(VLOOKUP(G12,CSI_Table,2,FALSE),"")
I13: =IFERROR(VLOOKUP(G13,CSI_Table,2,FALSE),"")
I14: =IFERROR(VLOOKUP(G14,CSI_Table,2,FALSE),"")
I15: =IFERROR(VLOOKUP(G15,CSI_Table,2,FALSE),"")
I16: =IFERROR(VLOOKUP(G16,CSI_Table,2,FALSE),"")
I17: =IFERROR(VLOOKUP(G17,CSI_Table,2,FALSE),"")
I18: =IFERROR(VLOOKUP(G18,CSI_Table,2,FALSE),"")
I19: =IFERROR(VLOOKUP(G19,CSI_Table,2,FALSE),"")
I20: =IFERROR(VLOOKUP(G20,CSI_Table,2,FALSE),"")
I21: =IFERROR(VLOOKUP(G21,CSI_Table,2,FALSE),"")
I22: =IFERROR(VLOOKUP(G22,CSI_Table,2,FALSE),"")
I23: =IFERROR(VLOOKUP(G23,CSI_Table,2,FALSE),"")
... I36: =IFERROR(VLOOKUP(G36,CSI_Table,2,FALSE),"")

Sheet Trade Summary
A1: Trade Summary (auto roll-up)
A2: Reads from Subcontractor Master List via COUNTIFS - do not edit. One row per trade in the canonical dropdown list.
A3: Trade | B3: Count | C3: Preferred Count | D3: With COI Count | E3: Active License Count
A4: General | B4: =COUNTIF('Subcontractor Master List'!$F$4:$F$36,A4) | C4: =COUNTIFS('Subcontractor Master List'!$F$4:$F$36,A4,'Subcontractor Master List'!$O$4:$O$36,"Yes") | D4: =COUNTIFS('Subcontractor Master List'!$F$4:$F$36,A4,'Subcontractor Master List'!$M$4:$M$36,"Yes") | E4: =COUNTIFS('Subcontractor Master List'!$F$4:$F$36,A4,'Subcontractor Master List'!$L$4:$L$36,"Active")
A5: Mechanical | B5: =COUNTIF('Subcontractor Master List'!$F$4:$F$36,A5) | C5: =COUNTIFS('Subcontractor Master List'!$F$4:$F$36,A5,'Subcontractor Master List'!$O$4:$O$36,"Yes") | D5: =COUNTIFS('Subcontractor Master List'!$F$4:$F$36,A5,'Subcontractor Master List'!$M$4:$M$36,"Yes") | E5: =COUNTIFS('Subcontractor Master List'!$F$4:$F$36,A5,'Subcontractor Master List'!$L$4:$L$36,"Active")
A6: Electrical | B6: =COUNTIF('Subcontractor Master List'!$F$4:$F$36,A6) | C6: =COUNTIFS('Subcontractor Master List'!$F$4:$F$36,A6,'Subcontractor Master List'!$O$4:$O$36,"Yes") | D6: =COUNTIFS('Subcontractor Master List'!$F$4:$F$36,A6,'Subcontractor Master List'!$M$4:$M$36,"Yes") | E6: =COUNTIFS('Subcontractor Master List'!$F$4:$F$36,A6,'Subcontractor Master List'!$L$4:$L$36,"Active")
A7: Plumbing | B7: =COUNTIF('Subcontractor Master List'!$F$4:$F$36,A7) | C7: =COUNTIFS('Subcontractor Master List'!$F$4:$F$36,A7,'Subcontractor Master List'!$O$4:$O$36,"Yes") | D7: =COUNTIFS('Subcontractor Master List'!$F$4:$F$36,A7,'Subcontractor Master List'!$M$4:$M$36,"Yes") | E7: =COUNTIFS('Subcontractor Master List'!$F$4:$F$36,A7,'Subcontractor Master List'!$L$4:$L$36,"Active")
A8: Structural Steel | B8: =COUNTIF('Subcontractor Master List'!$F$4:$F$36,A8) | C8: =COUNTIFS('Subcontractor Master List'!$F$4:$F$36,A8,'Subcontractor Master List'!$O$4:$O$36,"Yes") | D8: =COUNTIFS('Subcontractor Master List'!$F$4:$F$36,A8,'Subcontractor Master List'!$M$4:$M$36,"Yes") | E8: =COUNTIFS('Subcontractor Master List'!$F$4:$F$36,A8,'Subcontractor Master List'!$L$4:$L$36,"Active")
A9: HVAC | B9: =COUNTIF('Subcontractor Master List'!$F$4:$F$36,A9) | C9: =COUNTIFS('Subcontractor Master List'!$F$4:$F$36,A9,'Subcontractor Master List'!$O$4:$O$36,"Yes") | D9: =COUNTIFS('Subcontractor Master List'!$F$4:$F$36,A9,'Subcontractor Master List'!$M$4:$M$36,"Yes") | E9: =COUNTIFS('Subcontractor Master List'!$F$4:$F$36,A9,'Subcontractor Master List'!$L$4:$L$36,"Active")
A10: Roofing | B10: =COUNTIF('Subcontractor Master List'!$F$4:$F$36,A10) | C10: =COUNTIFS('Subcontractor Master List'!$F$4:$F$36,A10,'Subcontractor Master List'!$O$4:$O$36,"Yes") | D10: =COUNTIFS('Subcontractor Master List'!$F$4:$F$36,A10,'Subcontractor Master List'!$M$4:$M$36,"Yes") | E10: =COUNTIFS('Subcontractor Master List'!$F$4:$F$36,A10,'Subcontractor Master List'!$L$4:$L$36,"Active")
A11: Concrete | B11: =COUNTIF('Subcontractor Master List'!$F$4:$F$36,A11) | C11: =COUNTIFS('Subcontractor Master List'!$F$4:$F$36,A11,'Subcontractor Master List'!$O$4:$O$36,"Yes") | D11: =COUNTIFS('Subcontractor Master List'!$F$4:$F$36,A11,'Subcontractor Master List'!$M$4:$M$36,"Yes") | E11: =COUNTIFS('Subcontractor Master List'!$F$4:$F$36,A11,'Subcontractor Master List'!$L$4:$L$36,"Active")
A12: Masonry | B12: =COUNTIF('Subcontractor Master List'!$F$4:$F$36,A12) | C12: =COUNTIFS('Subcontractor Master List'!$F$4:$F$36,A12,'Subcontractor Master List'!$O$4:$O$36,"Yes") | D12: =COUNTIFS('Subcontractor Master List'!$F$4:$F$36,A12,'Subcontractor Master List'!$M$4:$M$36,"Yes") | E12: =COUNTIFS('Subcontractor Master List'!$F$4:$F$36,A12,'Subcontractor Master List'!$L$4:$L$36,"Active")
A13: Drywall | B13: =COUNTIF('Subcontractor Master List'!$F$4:$F$36,A13) | C13: =COUNTIFS('Subcontractor Master List'!$F$4:$F$36,A13,'Subcontractor Master List'!$O$4:$O$36,"Yes") | D13: =COUNTIFS('Subcontractor Master List'!$F$4:$F$36,A13,'Subcontractor Master List'!$M$4:$M$36,"Yes") | E13: =COUNTIFS('Subcontractor Master List'!$F$4:$F$36,A13,'Subcontractor Master List'!$L$4:$L$36,"Active")
A14: Flooring | B14: =COUNTIF('Subcontractor Master List'!$F$4:$F$36,A14) | C14: =COUNTIFS('Subcontractor Master List'!$F$4:$F$36,A14,'Subcontractor Master List'!$O$4:$O$36,"Yes") | D14: =COUNTIFS('Subcontractor Master List'!$F$4:$F$36,A14,'Subcontractor Master List'!$M$4:$M$36,"Yes") | E14: =COUNTIFS('Subcontractor Master List'!$F$4:$F$36,A14,'Subcontractor Master List'!$L$4:$L$36,"Active")
A15: Painting | B15: =COUNTIF('Subcontractor Master List'!$F$4:$F$36,A15) | C15: =COUNTIFS('Subcontractor Master List'!$F$4:$F$36,A15,'Subcontractor Master List'!$O$4:$O$36,"Yes") | D15: =COUNTIFS('Subcontractor Master List'!$F$4:$F$36,A15,'Subcontractor Master List'!$M$4:$M$36,"Yes") | E15: =COUNTIFS('Subcontractor Master List'!$F$4:$F$36,A15,'Subcontractor Master List'!$L$4:$L$36,"Active")
A16: Other | B16: =COUNTIF('Subcontractor Master List'!$F$4:$F$36,A16) | C16: =COUNTIFS('Subcontractor Master List'!$F$4:$F$36,A16,'Subcontractor Master List'!$O$4:$O$36,"Yes") | D16: =COUNTIFS('Subcontractor Master List'!$F$4:$F$36,A16,'Subcontractor Master List'!$M$4:$M$36,"Yes") | E16: =COUNTIFS('Subcontractor Master List'!$F$4:$F$36,A16,'Subcontractor Master List'!$L$4:$L$36,"Active")
A18: TOTALS | B18: =SUM(B4:B16) | C18: =SUM(C4:C16) | D18: =SUM(D4:D16) | E18: =SUM(E4:E16)

Sheet Dashboard
A1: Subcontractor Dashboard
A2: Auto-calculated from Subcontractor Master List. Update that tab - this one stays in sync.
A4: Roster Snapshot
A5: Total Subs in List | D5: =COUNTA('Subcontractor Master List'!$A$4:$A$36)
A6: Total Preferred Subs | D6: =COUNTIF('Subcontractor Master List'!$O$4:$O$36,"Yes")
A7: Fully Compliant (COI + W9 + Active License) | D7: =SUMPRODUCT(('Subcontractor Master List'!$M$4:$M$36="Yes")*('Subcontractor Master List'!$N$4:$N$36="Yes")*('Subcontractor Master List'!$L$4:$L$36="Active"))
A8: Compliance Rate | D8: =IFERROR(SUMPRODUCT(('Subcontractor Master List'!$M$4:$M$36="Yes")*('Subcontractor Master List'!$N$4:$N$36="Yes")*('Subcontractor Master List'!$L$4:$L$36="Active"))/COUNTA('Subcontractor Master List'!$A$4:$A$36),0)
A10: Risk Flags
A11: Missing W9 | D11: =COUNTIF('Subcontractor Master List'!$N$4:$N$36,"No")
A12: Missing COI | D12: =COUNTIF('Subcontractor Master List'!$M$4:$M$36,"No")
A13: COI Expired | D13: =COUNTIF('Subcontractor Master List'!$M$4:$M$36,"Expired")
A14: License Expired | D14: =COUNTIF('Subcontractor Master List'!$L$4:$L$36,"Expired")
A15: License Pending | D15: =COUNTIF('Subcontractor Master List'!$L$4:$L$36,"Pending")
A16: License Status Unknown | D16: =COUNTIF('Subcontractor Master List'!$L$4:$L$36,"Unknown")
A18: Top Trades by Count
A19: Rank | B19: Trade | D19: Count | H19: =COUNTIF('Subcontractor Master List'!$F$4:$F$36,"General") | I19: General
A20: 1 | B20: =IFERROR(INDEX($I$19:$I$31,MATCH(LARGE($H$19:$H$31,1),$H$19:$H$31,0)),"") | D20: =IFERROR(LARGE($H$19:$H$31,1),0) | H20: =COUNTIF('Subcontractor Master List'!$F$4:$F$36,"Mechanical") | I20: Mechanical
A21: 2 | B21: =IFERROR(INDEX($I$19:$I$31,MATCH(LARGE($H$19:$H$31,2),$H$19:$H$31,0)),"") | D21: =IFERROR(LARGE($H$19:$H$31,2),0) | H21: =COUNTIF('Subcontractor Master List'!$F$4:$F$36,"Electrical") | I21: Electrical
A22: 3 | B22: =IFERROR(INDEX($I$19:$I$31,MATCH(LARGE($H$19:$H$31,3),$H$19:$H$31,0)),"") | D22: =IFERROR(LARGE($H$19:$H$31,3),0) | H22: =COUNTIF('Subcontractor Master List'!$F$4:$F$36,"Plumbing") | I22: Plumbing
A23: 4 | B23: =IFERROR(INDEX($I$19:$I$31,MATCH(LARGE($H$19:$H$31,4),$H$19:$H$31,0)),"") | D23: =IFERROR(LARGE($H$19:$H$31,4),0) | H23: =COUNTIF('Subcontractor Master List'!$F$4:$F$36,"Structural Steel") | I23: Structural Steel
A24: 5 | B24: =IFERROR(INDEX($I$19:$I$31,MATCH(LARGE($H$19:$H$31,5),$H$19:$H$31,0)),"") | D24: =IFERROR(LARGE($H$19:$H$31,5),0) | H24: =COUNTIF('Subcontractor Master List'!$F$4:$F$36,"HVAC") | I24: HVAC
H25: =COUNTIF('Subcontractor Master List'!$F$4:$F$36,"Roofing") | I25: Roofing
H26: =COUNTIF('Subcontractor Master List'!$F$4:$F$36,"Concrete") | I26: Concrete
H27: =COUNTIF('Subcontractor Master List'!$F$4:$F$36,"Masonry") | I27: Masonry
H28: =COUNTIF('Subcontractor Master List'!$F$4:$F$36,"Drywall") | I28: Drywall
H29: =COUNTIF('Subcontractor Master List'!$F$4:$F$36,"Flooring") | I29: Flooring
H30: =COUNTIF('Subcontractor Master List'!$F$4:$F$36,"Painting") | I30: Painting
H31: =COUNTIF('Subcontractor Master List'!$F$4:$F$36,"Other") | I31: Other

Sheet CSI Reference
A1: CSI MasterFormat Division Reference
A2: Canonical list - do not edit. Feeds dropdowns and VLOOKUPs in Subcontractor Master List.
A3: CSI Division | B3: Division Name
A4: 01 | B4: General Requirements
A5: 02 | B5: Existing Conditions
A6: 03 | B6: Concrete
A7: 04 | B7: Masonry
A8: 05 | B8: Metals
A9: 06 | B9: Wood, Plastics, and Composites
A10: 07 | B10: Thermal and Moisture Protection
A11: 08 | B11: Openings
A12: 09 | B12: Finishes
A13: 10 | B13: Specialties
A14: 11 | B14: Equipment
... A38: 49 | B38: Reserved
